-- phpMyAdmin SQL Dump
-- version 5.2.1
-- https://www.phpmyadmin.net/
--
-- Servidor: 127.0.0.1
-- Tiempo de generación: 06-08-2024 a las 02:30:47
-- Versión del servidor: 10.4.32-MariaDB
-- Versión de PHP: 8.2.12

SET SQL_MODE = "NO_AUTO_VALUE_ON_ZERO";
START TRANSACTION;
SET time_zone = "+00:00";


/*!40101 SET @OLD_CHARACTER_SET_CLIENT=@@CHARACTER_SET_CLIENT */;
/*!40101 SET @OLD_CHARACTER_SET_RESULTS=@@CHARACTER_SET_RESULTS */;
/*!40101 SET @OLD_COLLATION_CONNECTION=@@COLLATION_CONNECTION */;
/*!40101 SET NAMES utf8mb4 */;

--
-- Base de datos: `empty_dev`
--

-- --------------------------------------------------------

--
-- Estructura de tabla para la tabla `banks`
--

CREATE TABLE `banks` (
  `id` bigint(20) UNSIGNED NOT NULL,
  `name` varchar(250) NOT NULL,
  `created_at` timestamp NULL DEFAULT NULL,
  `updated_at` timestamp NULL DEFAULT NULL,
  `deleted_at` timestamp NULL DEFAULT NULL
) ENGINE=InnoDB DEFAULT CHARSET=utf8mb4 COLLATE=utf8mb4_unicode_ci;

--
-- Volcado de datos para la tabla `banks`
--

INSERT INTO `banks` (`id`, `name`, `created_at`, `updated_at`, `deleted_at`) VALUES
(1, 'Desconocido', '2023-08-24 17:26:57', '2023-08-24 17:26:57', NULL),
(2, 'Bbva', '2023-08-24 17:26:57', '2023-08-24 17:26:57', NULL),
(3, 'Ciudad', '2023-08-24 17:26:57', '2023-08-24 17:26:57', NULL),
(4, 'Credicoop', '2023-08-24 17:26:57', '2023-08-24 17:26:57', NULL),
(5, 'Galicia', '2023-08-24 17:26:57', '2023-08-24 17:26:57', NULL),
(6, 'Hsbc', '2023-08-24 17:26:57', '2023-08-24 17:26:57', NULL),
(7, 'Icbc', '2023-08-24 17:26:57', '2023-08-24 17:26:57', NULL),
(8, 'Itau', '2023-08-24 17:26:57', '2023-08-24 17:26:57', NULL),
(9, 'Macro', '2023-08-24 17:26:57', '2023-08-24 17:26:57', NULL),
(10, 'Mercado Pago', '2023-08-24 17:26:57', '2023-08-24 17:26:57', NULL),
(11, 'Nacion', '2023-08-24 17:26:57', '2023-08-24 17:26:57', NULL),
(12, 'Patagonia', '2023-08-24 17:26:57', '2023-08-24 17:26:57', NULL),
(13, 'Provincia', '2023-08-24 17:26:57', '2023-08-24 17:26:57', NULL),
(14, 'Santander', '2023-08-24 17:26:57', '2023-08-24 17:26:57', NULL),
(15, 'Sin Banco', '2023-08-24 17:26:57', '2023-08-24 17:26:57', NULL),
(16, 'Supervielle', '2023-08-24 17:26:57', '2023-08-24 17:26:57', NULL);

-- --------------------------------------------------------

--
-- Estructura de tabla para la tabla `cache`
--

CREATE TABLE `cache` (
  `key` varchar(255) NOT NULL,
  `value` mediumtext NOT NULL,
  `expiration` int(11) NOT NULL
) ENGINE=InnoDB DEFAULT CHARSET=utf8mb4 COLLATE=utf8mb4_unicode_ci;

--
-- Volcado de datos para la tabla `cache`
--

INSERT INTO `cache` (`key`, `value`, `expiration`) VALUES
('07c13ecac317a18e9e995fa1812cce37', 'i:1;', 1722819229),
('07c13ecac317a18e9e995fa1812cce37:timer', 'i:1722819229;', 1722819229),
('2987d2704b7a394328021ed424cf1f65', 'i:1;', 1722820028),
('2987d2704b7a394328021ed424cf1f65:timer', 'i:1722820028;', 1722820028),
('2c36872f4e9a8de1a329b02309a5f89e', 'i:1;', 1722818845),
('2c36872f4e9a8de1a329b02309a5f89e:timer', 'i:1722818845;', 1722818845),
('71156cf9db790686d4ad25d4cc1042a1', 'i:1;', 1722823651),
('71156cf9db790686d4ad25d4cc1042a1:timer', 'i:1722823651;', 1722823651),
('73bc978e50d10d56d27770747fa1c7a2', 'i:1;', 1722853208),
('73bc978e50d10d56d27770747fa1c7a2:timer', 'i:1722853208;', 1722853208),
('76938cacb0aefbaa2f149cb092a13035', 'i:1;', 1722820773),
('76938cacb0aefbaa2f149cb092a13035:timer', 'i:1722820773;', 1722820773),
('920ee5bbb8e6ea2cdded06a77cc76b84', 'i:1;', 1722853144),
('920ee5bbb8e6ea2cdded06a77cc76b84:timer', 'i:1722853144;', 1722853144),
('96edcacc4fcfd00a594f574328d6d06e', 'i:1;', 1722864198),
('96edcacc4fcfd00a594f574328d6d06e:timer', 'i:1722864198;', 1722864198),
('9ae14ec07e509e3a3cc724a274a0ea67', 'i:1;', 1722867713),
('9ae14ec07e509e3a3cc724a274a0ea67:timer', 'i:1722867713;', 1722867713),
('9d57519515f28034b2dab51097b9da02', 'i:1;', 1722893904),
('9d57519515f28034b2dab51097b9da02:timer', 'i:1722893904;', 1722893904),
('b2a6231b6f2521b52367eb73d0936fd3', 'i:1;', 1722816924),
('b2a6231b6f2521b52367eb73d0936fd3:timer', 'i:1722816924;', 1722816924),
('dc492163aa3589282323d98064fa7371', 'i:3;', 1722818585),
('dc492163aa3589282323d98064fa7371:timer', 'i:1722818585;', 1722818585),
('ddbd8315403fe1d73e5ffcdb7379ebc1', 'i:1;', 1722877130),
('ddbd8315403fe1d73e5ffcdb7379ebc1:timer', 'i:1722877130;', 1722877130),
('e22c55a1ca7d804ef8484442a185ec8c', 'i:1;', 1722902930),
('e22c55a1ca7d804ef8484442a185ec8c:timer', 'i:1722902930;', 1722902930),
('silserra@gmail.com|181.9.199.191', 'i:1;', 1722853144),
('silserra@gmail.com|181.9.199.191:timer', 'i:1722853144;', 1722853144),
('silserra77@gmail.com|181.9.199.191', 'i:1;', 1722853208),
('silserra77@gmail.com|181.9.199.191:timer', 'i:1722853208;', 1722853208),
('spatie.permission.cache', 'a:3:{s:5:\"alias\";a:4:{s:1:\"a\";s:2:\"id\";s:1:\"b\";s:4:\"name\";s:1:\"c\";s:10:\"guard_name\";s:1:\"r\";s:5:\"roles\";}s:11:\"permissions\";a:74:{i:0;a:4:{s:1:\"a\";i:1;s:1:\"b\";s:9:\"dashboard\";s:1:\"c\";s:3:\"web\";s:1:\"r\";a:3:{i:0;i:1;i:1;i:2;i:2;i:3;}}i:1;a:4:{s:1:\"a\";i:2;s:1:\"b\";s:23:\"admin.permissions.index\";s:1:\"c\";s:3:\"web\";s:1:\"r\";a:1:{i:0;i:1;}}i:2;a:4:{s:1:\"a\";i:3;s:1:\"b\";s:23:\"admin.permissions.store\";s:1:\"c\";s:3:\"web\";s:1:\"r\";a:1:{i:0;i:1;}}i:3;a:4:{s:1:\"a\";i:4;s:1:\"b\";s:24:\"admin.permissions.create\";s:1:\"c\";s:3:\"web\";s:1:\"r\";a:1:{i:0;i:1;}}i:4;a:4:{s:1:\"a\";i:5;s:1:\"b\";s:22:\"admin.permissions.show\";s:1:\"c\";s:3:\"web\";s:1:\"r\";a:1:{i:0;i:1;}}i:5;a:4:{s:1:\"a\";i:6;s:1:\"b\";s:24:\"admin.permissions.update\";s:1:\"c\";s:3:\"web\";s:1:\"r\";a:1:{i:0;i:1;}}i:6;a:4:{s:1:\"a\";i:7;s:1:\"b\";s:25:\"admin.permissions.destroy\";s:1:\"c\";s:3:\"web\";s:1:\"r\";a:1:{i:0;i:1;}}i:7;a:4:{s:1:\"a\";i:8;s:1:\"b\";s:22:\"admin.permissions.edit\";s:1:\"c\";s:3:\"web\";s:1:\"r\";a:1:{i:0;i:1;}}i:8;a:4:{s:1:\"a\";i:9;s:1:\"b\";s:17:\"admin.roles.index\";s:1:\"c\";s:3:\"web\";s:1:\"r\";a:1:{i:0;i:1;}}i:9;a:4:{s:1:\"a\";i:10;s:1:\"b\";s:17:\"admin.roles.store\";s:1:\"c\";s:3:\"web\";s:1:\"r\";a:1:{i:0;i:1;}}i:10;a:4:{s:1:\"a\";i:11;s:1:\"b\";s:18:\"admin.roles.create\";s:1:\"c\";s:3:\"web\";s:1:\"r\";a:1:{i:0;i:1;}}i:11;a:4:{s:1:\"a\";i:12;s:1:\"b\";s:16:\"admin.roles.show\";s:1:\"c\";s:3:\"web\";s:1:\"r\";a:1:{i:0;i:1;}}i:12;a:4:{s:1:\"a\";i:13;s:1:\"b\";s:18:\"admin.roles.update\";s:1:\"c\";s:3:\"web\";s:1:\"r\";a:1:{i:0;i:1;}}i:13;a:4:{s:1:\"a\";i:14;s:1:\"b\";s:19:\"admin.roles.destroy\";s:1:\"c\";s:3:\"web\";s:1:\"r\";a:1:{i:0;i:1;}}i:14;a:4:{s:1:\"a\";i:15;s:1:\"b\";s:16:\"admin.roles.edit\";s:1:\"c\";s:3:\"web\";s:1:\"r\";a:1:{i:0;i:1;}}i:15;a:4:{s:1:\"a\";i:16;s:1:\"b\";s:17:\"admin.users.index\";s:1:\"c\";s:3:\"web\";s:1:\"r\";a:1:{i:0;i:1;}}i:16;a:4:{s:1:\"a\";i:17;s:1:\"b\";s:17:\"admin.users.store\";s:1:\"c\";s:3:\"web\";s:1:\"r\";a:1:{i:0;i:1;}}i:17;a:4:{s:1:\"a\";i:18;s:1:\"b\";s:18:\"admin.users.create\";s:1:\"c\";s:3:\"web\";s:1:\"r\";a:1:{i:0;i:1;}}i:18;a:4:{s:1:\"a\";i:19;s:1:\"b\";s:16:\"admin.users.show\";s:1:\"c\";s:3:\"web\";s:1:\"r\";a:1:{i:0;i:1;}}i:19;a:4:{s:1:\"a\";i:20;s:1:\"b\";s:18:\"admin.users.update\";s:1:\"c\";s:3:\"web\";s:1:\"r\";a:1:{i:0;i:1;}}i:20;a:4:{s:1:\"a\";i:21;s:1:\"b\";s:19:\"admin.users.destroy\";s:1:\"c\";s:3:\"web\";s:1:\"r\";a:1:{i:0;i:1;}}i:21;a:4:{s:1:\"a\";i:22;s:1:\"b\";s:16:\"admin.users.edit\";s:1:\"c\";s:3:\"web\";s:1:\"r\";a:1:{i:0;i:1;}}i:22;a:4:{s:1:\"a\";i:23;s:1:\"b\";s:22:\"admin.menu-items.index\";s:1:\"c\";s:3:\"web\";s:1:\"r\";a:1:{i:0;i:1;}}i:23;a:4:{s:1:\"a\";i:24;s:1:\"b\";s:22:\"admin.menu-items.store\";s:1:\"c\";s:3:\"web\";s:1:\"r\";a:1:{i:0;i:1;}}i:24;a:4:{s:1:\"a\";i:25;s:1:\"b\";s:23:\"admin.menu-items.create\";s:1:\"c\";s:3:\"web\";s:1:\"r\";a:1:{i:0;i:1;}}i:25;a:4:{s:1:\"a\";i:26;s:1:\"b\";s:21:\"admin.menu-items.show\";s:1:\"c\";s:3:\"web\";s:1:\"r\";a:1:{i:0;i:1;}}i:26;a:4:{s:1:\"a\";i:27;s:1:\"b\";s:23:\"admin.menu-items.update\";s:1:\"c\";s:3:\"web\";s:1:\"r\";a:1:{i:0;i:1;}}i:27;a:4:{s:1:\"a\";i:28;s:1:\"b\";s:24:\"admin.menu-items.destroy\";s:1:\"c\";s:3:\"web\";s:1:\"r\";a:1:{i:0;i:1;}}i:28;a:4:{s:1:\"a\";i:29;s:1:\"b\";s:21:\"admin.menu-items.edit\";s:1:\"c\";s:3:\"web\";s:1:\"r\";a:1:{i:0;i:1;}}i:29;a:4:{s:1:\"a\";i:30;s:1:\"b\";s:21:\"users.suppliers.index\";s:1:\"c\";s:3:\"web\";s:1:\"r\";a:1:{i:0;i:2;}}i:30;a:4:{s:1:\"a\";i:31;s:1:\"b\";s:21:\"users.suppliers.store\";s:1:\"c\";s:3:\"web\";s:1:\"r\";a:1:{i:0;i:2;}}i:31;a:4:{s:1:\"a\";i:32;s:1:\"b\";s:22:\"users.suppliers.create\";s:1:\"c\";s:3:\"web\";s:1:\"r\";a:1:{i:0;i:2;}}i:32;a:4:{s:1:\"a\";i:33;s:1:\"b\";s:20:\"users.suppliers.show\";s:1:\"c\";s:3:\"web\";s:1:\"r\";a:1:{i:0;i:2;}}i:33;a:4:{s:1:\"a\";i:34;s:1:\"b\";s:22:\"users.suppliers.update\";s:1:\"c\";s:3:\"web\";s:1:\"r\";a:1:{i:0;i:2;}}i:34;a:4:{s:1:\"a\";i:35;s:1:\"b\";s:23:\"users.suppliers.destroy\";s:1:\"c\";s:3:\"web\";s:1:\"r\";a:1:{i:0;i:2;}}i:35;a:4:{s:1:\"a\";i:36;s:1:\"b\";s:20:\"users.suppliers.edit\";s:1:\"c\";s:3:\"web\";s:1:\"r\";a:1:{i:0;i:2;}}i:36;a:4:{s:1:\"a\";i:37;s:1:\"b\";s:21:\"users.customers.index\";s:1:\"c\";s:3:\"web\";s:1:\"r\";a:1:{i:0;i:2;}}i:37;a:4:{s:1:\"a\";i:38;s:1:\"b\";s:21:\"users.customers.store\";s:1:\"c\";s:3:\"web\";s:1:\"r\";a:1:{i:0;i:2;}}i:38;a:4:{s:1:\"a\";i:39;s:1:\"b\";s:22:\"users.customers.create\";s:1:\"c\";s:3:\"web\";s:1:\"r\";a:1:{i:0;i:2;}}i:39;a:4:{s:1:\"a\";i:40;s:1:\"b\";s:20:\"users.customers.show\";s:1:\"c\";s:3:\"web\";s:1:\"r\";a:1:{i:0;i:2;}}i:40;a:4:{s:1:\"a\";i:41;s:1:\"b\";s:22:\"users.customers.update\";s:1:\"c\";s:3:\"web\";s:1:\"r\";a:1:{i:0;i:2;}}i:41;a:4:{s:1:\"a\";i:42;s:1:\"b\";s:23:\"users.customers.destroy\";s:1:\"c\";s:3:\"web\";s:1:\"r\";a:1:{i:0;i:2;}}i:42;a:4:{s:1:\"a\";i:43;s:1:\"b\";s:20:\"users.customers.edit\";s:1:\"c\";s:3:\"web\";s:1:\"r\";a:1:{i:0;i:2;}}i:43;a:4:{s:1:\"a\";i:44;s:1:\"b\";s:19:\"products.crud.index\";s:1:\"c\";s:3:\"web\";s:1:\"r\";a:1:{i:0;i:2;}}i:44;a:4:{s:1:\"a\";i:45;s:1:\"b\";s:19:\"products.crud.store\";s:1:\"c\";s:3:\"web\";s:1:\"r\";a:1:{i:0;i:2;}}i:45;a:4:{s:1:\"a\";i:46;s:1:\"b\";s:20:\"products.crud.create\";s:1:\"c\";s:3:\"web\";s:1:\"r\";a:1:{i:0;i:2;}}i:46;a:4:{s:1:\"a\";i:47;s:1:\"b\";s:18:\"products.crud.show\";s:1:\"c\";s:3:\"web\";s:1:\"r\";a:1:{i:0;i:2;}}i:47;a:4:{s:1:\"a\";i:48;s:1:\"b\";s:21:\"products.cruds.update\";s:1:\"c\";s:3:\"web\";s:1:\"r\";a:1:{i:0;i:2;}}i:48;a:4:{s:1:\"a\";i:49;s:1:\"b\";s:22:\"products.cruds.destroy\";s:1:\"c\";s:3:\"web\";s:1:\"r\";a:1:{i:0;i:2;}}i:49;a:4:{s:1:\"a\";i:50;s:1:\"b\";s:19:\"products.cruds.edit\";s:1:\"c\";s:3:\"web\";s:1:\"r\";a:1:{i:0;i:2;}}i:50;a:4:{s:1:\"a\";i:65;s:1:\"b\";s:28:\"liquidations.suppliers.index\";s:1:\"c\";s:3:\"web\";s:1:\"r\";a:1:{i:0;i:2;}}i:51;a:4:{s:1:\"a\";i:66;s:1:\"b\";s:25:\"liquidations.buyers.index\";s:1:\"c\";s:3:\"web\";s:1:\"r\";a:1:{i:0;i:2;}}i:52;a:4:{s:1:\"a\";i:67;s:1:\"b\";s:20:\"cash-movements.index\";s:1:\"c\";s:3:\"web\";s:1:\"r\";a:1:{i:0;i:2;}}i:53;a:4:{s:1:\"a\";i:68;s:1:\"b\";s:21:\"cash-movements.create\";s:1:\"c\";s:3:\"web\";s:1:\"r\";a:1:{i:0;i:2;}}i:54;a:4:{s:1:\"a\";i:69;s:1:\"b\";s:20:\"cash-movements.store\";s:1:\"c\";s:3:\"web\";s:1:\"r\";a:1:{i:0;i:2;}}i:55;a:4:{s:1:\"a\";i:70;s:1:\"b\";s:20:\"users.profile.update\";s:1:\"c\";s:3:\"web\";s:1:\"r\";a:3:{i:0;i:2;i:1;i:3;i:2;i:4;}}i:56;a:4:{s:1:\"a\";i:71;s:1:\"b\";s:18:\"users.profile.edit\";s:1:\"c\";s:3:\"web\";s:1:\"r\";a:3:{i:0;i:2;i:1;i:3;i:2;i:4;}}i:57;a:4:{s:1:\"a\";i:72;s:1:\"b\";s:18:\"users.profile.show\";s:1:\"c\";s:3:\"web\";s:1:\"r\";a:3:{i:0;i:2;i:1;i:3;i:2;i:4;}}i:58;a:4:{s:1:\"a\";i:73;s:1:\"b\";s:22:\"cash-movements.destroy\";s:1:\"c\";s:3:\"web\";s:1:\"r\";a:1:{i:0;i:2;}}i:59;a:4:{s:1:\"a\";i:80;s:1:\"b\";s:16:\"categories.index\";s:1:\"c\";s:3:\"web\";s:1:\"r\";a:2:{i:0;i:1;i:1;i:2;}}i:60;a:4:{s:1:\"a\";i:81;s:1:\"b\";s:15:\"categories.show\";s:1:\"c\";s:3:\"web\";s:1:\"r\";a:2:{i:0;i:1;i:1;i:2;}}i:61;a:4:{s:1:\"a\";i:82;s:1:\"b\";s:17:\"categories.update\";s:1:\"c\";s:3:\"web\";s:1:\"r\";a:2:{i:0;i:1;i:1;i:2;}}i:62;a:4:{s:1:\"a\";i:83;s:1:\"b\";s:17:\"categories.create\";s:1:\"c\";s:3:\"web\";s:1:\"r\";a:2:{i:0;i:1;i:1;i:2;}}i:63;a:4:{s:1:\"a\";i:84;s:1:\"b\";s:15:\"categories.edit\";s:1:\"c\";s:3:\"web\";s:1:\"r\";a:2:{i:0;i:1;i:1;i:2;}}i:64;a:4:{s:1:\"a\";i:85;s:1:\"b\";s:16:\"categories.store\";s:1:\"c\";s:3:\"web\";s:1:\"r\";a:2:{i:0;i:1;i:1;i:2;}}i:65;a:4:{s:1:\"a\";i:86;s:1:\"b\";s:21:\"products.prices.index\";s:1:\"c\";s:3:\"web\";s:1:\"r\";a:1:{i:0;i:2;}}i:66;a:4:{s:1:\"a\";i:87;s:1:\"b\";s:22:\"products.prices.update\";s:1:\"c\";s:3:\"web\";s:1:\"r\";a:1:{i:0;i:2;}}i:67;a:4:{s:1:\"a\";i:88;s:1:\"b\";s:27:\"liquidations.partners.index\";s:1:\"c\";s:3:\"web\";s:1:\"r\";a:1:{i:0;i:2;}}i:68;a:4:{s:1:\"a\";i:89;s:1:\"b\";s:26:\"liquidations.partners.paid\";s:1:\"c\";s:3:\"web\";s:1:\"r\";a:1:{i:0;i:2;}}i:69;a:4:{s:1:\"a\";i:90;s:1:\"b\";s:27:\"liquidations.suppliers.paid\";s:1:\"c\";s:3:\"web\";s:1:\"r\";a:1:{i:0;i:2;}}i:70;a:4:{s:1:\"a\";i:91;s:1:\"b\";s:29:\"liquidations.suppliers.notify\";s:1:\"c\";s:3:\"web\";s:1:\"r\";a:1:{i:0;i:2;}}i:71;a:4:{s:1:\"a\";i:92;s:1:\"b\";s:24:\"products.suppliers.index\";s:1:\"c\";s:3:\"web\";s:1:\"r\";a:1:{i:0;i:3;}}i:72;a:4:{s:1:\"a\";i:93;s:1:\"b\";s:12:\"orders.index\";s:1:\"c\";s:3:\"web\";s:1:\"r\";a:1:{i:0;i:2;}}i:73;a:4:{s:1:\"a\";i:94;s:1:\"b\";s:24:\"orders.sync-all-from-woo\";s:1:\"c\";s:3:\"web\";s:1:\"r\";a:1:{i:0;i:2;}}}s:5:\"roles\";a:4:{i:0;a:3:{s:1:\"a\";i:1;s:1:\"b\";s:9:\"admin_sys\";s:1:\"c\";s:3:\"web\";}i:1;a:3:{s:1:\"a\";i:2;s:1:\"b\";s:14:\"administrative\";s:1:\"c\";s:3:\"web\";}i:2;a:3:{s:1:\"a\";i:3;s:1:\"b\";s:8:\"supplier\";s:1:\"c\";s:3:\"web\";}i:3;a:3:{s:1:\"a\";i:4;s:1:\"b\";s:8:\"customer\";s:1:\"c\";s:3:\"web\";}}}', 1722989784);

-- --------------------------------------------------------

--
-- Estructura de tabla para la tabla `cache_locks`
--

CREATE TABLE `cache_locks` (
  `key` varchar(255) NOT NULL,
  `owner` varchar(255) NOT NULL,
  `expiration` int(11) NOT NULL
) ENGINE=InnoDB DEFAULT CHARSET=utf8mb4 COLLATE=utf8mb4_unicode_ci;

-- --------------------------------------------------------

--
-- Estructura de tabla para la tabla `categories`
--

CREATE TABLE `categories` (
  `id` bigint(20) UNSIGNED NOT NULL,
  `name` varchar(255) NOT NULL,
  `parent` bigint(20) UNSIGNED DEFAULT NULL,
  `created_at` timestamp NULL DEFAULT NULL,
  `updated_at` timestamp NULL DEFAULT NULL
) ENGINE=InnoDB DEFAULT CHARSET=utf8mb4 COLLATE=utf8mb4_unicode_ci;

--
-- Volcado de datos para la tabla `categories`
--

INSERT INTO `categories` (`id`, `name`, `parent`, `created_at`, `updated_at`) VALUES
(15, 'Sin categorizar', 0, '2024-07-02 20:47:31', '2024-07-02 20:47:31'),
(46, 'Marcas', 0, '2024-07-02 20:47:31', '2024-07-02 20:47:31'),
(47, 'Desconocido', 46, '2024-07-02 20:47:30', '2024-07-02 20:47:30'),
(48, '47 Street', 46, '2024-07-02 20:47:30', '2024-07-02 20:47:30'),
(49, 'Abercrombie', 46, '2024-07-02 20:47:30', '2024-07-02 20:47:30'),
(50, 'Addnice', 46, '2024-07-02 20:47:30', '2024-07-02 20:47:30'),
(51, 'Adidas', 46, '2024-07-02 20:47:30', '2024-07-02 20:47:30'),
(52, 'Advanced', 46, '2024-07-02 20:47:30', '2024-07-02 20:47:30'),
(53, 'Aeropostale', 46, '2024-07-02 20:47:30', '2024-07-02 20:47:30'),
(54, 'Alfaguara', 46, '2024-07-02 20:47:30', '2024-07-02 20:47:30'),
(55, 'Alfis Jeans', 46, '2024-07-02 20:47:30', '2024-07-02 20:47:30'),
(56, 'All Basics Imp', 46, '2024-07-02 20:47:30', '2024-07-02 20:47:30'),
(57, 'Amitoys', 46, '2024-07-02 20:47:30', '2024-07-02 20:47:30'),
(58, 'Anacleta', 46, '2024-07-02 20:47:30', '2024-07-02 20:47:30'),
(59, 'Anavana', 46, '2024-07-02 20:47:30', '2024-07-02 20:47:30'),
(60, 'Andres Bello', 46, '2024-07-02 20:47:30', '2024-07-02 20:47:30'),
(61, 'Arena', 46, '2024-07-02 20:47:30', '2024-07-02 20:47:30'),
(62, 'Ariza', 46, '2024-07-02 20:47:30', '2024-07-02 20:47:30'),
(63, 'Arizona Jeans', 46, '2024-07-02 20:47:30', '2024-07-02 20:47:30'),
(64, 'Armando Lio', 46, '2024-07-02 20:47:30', '2024-07-02 20:47:30'),
(65, 'Armani', 46, '2024-07-02 20:47:30', '2024-07-02 20:47:30'),
(66, 'Arnesito', 46, '2024-07-02 20:47:30', '2024-07-02 20:47:30'),
(67, 'Arredo', 46, '2024-07-02 20:47:30', '2024-07-02 20:47:30'),
(68, 'Arrimaditos', 46, '2024-07-02 20:47:30', '2024-07-02 20:47:30'),
(69, 'Aspen', 46, '2024-07-02 20:47:30', '2024-07-02 20:47:30'),
(70, 'Atomik', 46, '2024-07-02 20:47:30', '2024-07-02 20:47:30'),
(71, 'Avanti', 46, '2024-07-02 20:47:30', '2024-07-02 20:47:30'),
(72, 'Avent', 46, '2024-07-02 20:47:30', '2024-07-02 20:47:30'),
(73, 'Babelito', 46, '2024-07-02 20:47:30', '2024-07-02 20:47:30'),
(74, 'Baby B.u.m. Usa', 46, '2024-07-02 20:47:30', '2024-07-02 20:47:30'),
(75, 'Baby Cottons', 46, '2024-07-02 20:47:30', '2024-07-02 20:47:30'),
(76, 'Baby Gear', 46, '2024-07-02 20:47:30', '2024-07-02 20:47:30'),
(77, 'Baby Harvest', 46, '2024-07-02 20:47:30', '2024-07-02 20:47:30'),
(78, 'Baby Innovations', 46, '2024-07-02 20:47:30', '2024-07-02 20:47:30'),
(79, 'Baby Tv', 46, '2024-07-02 20:47:30', '2024-07-02 20:47:30'),
(80, 'Baby Way', 46, '2024-07-02 20:47:30', '2024-07-02 20:47:30'),
(81, 'Babyclub', 46, '2024-07-02 20:47:30', '2024-07-02 20:47:30'),
(82, 'Barbie', 46, '2024-07-02 20:47:30', '2024-07-02 20:47:30'),
(83, 'Barco De Vapor', 46, '2024-07-02 20:47:30', '2024-07-02 20:47:30'),
(84, 'Batuki', 46, '2024-07-02 20:47:30', '2024-07-02 20:47:30'),
(85, 'Benetton', 46, '2024-07-02 20:47:30', '2024-07-02 20:47:30'),
(86, 'Bestway', 46, '2024-07-02 20:47:30', '2024-07-02 20:47:30'),
(87, 'Bimbi', 46, '2024-07-02 20:47:30', '2024-07-02 20:47:30'),
(88, 'Bimbus', 46, '2024-07-02 20:47:30', '2024-07-02 20:47:30'),
(89, 'Blue', 46, '2024-07-02 20:47:30', '2024-07-02 20:47:30'),
(90, 'Blukids', 46, '2024-07-02 20:47:30', '2024-07-02 20:47:30'),
(91, 'Blumarine', 46, '2024-07-02 20:47:30', '2024-07-02 20:47:30'),
(92, 'Boating', 46, '2024-07-02 20:47:30', '2024-07-02 20:47:30'),
(93, 'Boca', 46, '2024-07-02 20:47:30', '2024-07-02 20:47:30'),
(94, 'Bonbini', 46, '2024-07-02 20:47:30', '2024-07-02 20:47:30'),
(95, 'Bontus', 46, '2024-07-02 20:47:30', '2024-07-02 20:47:30'),
(96, 'Botanguita', 46, '2024-07-02 20:47:30', '2024-07-02 20:47:30'),
(97, 'Bright Starts', 46, '2024-07-02 20:47:30', '2024-07-02 20:47:30'),
(98, 'Britax', 46, '2024-07-02 20:47:30', '2024-07-02 20:47:30'),
(99, 'Broer', 46, '2024-07-02 20:47:30', '2024-07-02 20:47:30'),
(100, 'Brumus', 46, '2024-07-02 20:47:30', '2024-07-02 20:47:30'),
(101, 'Buddies', 46, '2024-07-02 20:47:30', '2024-07-02 20:47:30'),
(102, 'Calesita', 46, '2024-07-02 20:47:30', '2024-07-02 20:47:30'),
(103, 'Calvin Klein', 46, '2024-07-02 20:47:30', '2024-07-02 20:47:30'),
(104, 'Cardon', 46, '2024-07-02 20:47:30', '2024-07-02 20:47:30'),
(105, 'Carestino', 46, '2024-07-02 20:47:30', '2024-07-02 20:47:30'),
(106, 'Carter\'s', 46, '2024-07-02 20:47:30', '2024-07-02 20:47:30'),
(107, 'Cartoon Networks', 46, '2024-07-02 20:47:30', '2024-07-02 20:47:30'),
(108, 'Cat & Jack', 46, '2024-07-02 20:47:30', '2024-08-04 19:17:10'),
(109, 'Caterpillar', 46, '2024-07-02 20:47:30', '2024-07-02 20:47:30'),
(110, 'Celestina', 46, '2024-07-02 20:47:30', '2024-07-02 20:47:30'),
(111, 'Centomo', 46, '2024-07-02 20:47:30', '2024-07-02 20:47:30'),
(112, 'Cerquitamio', 46, '2024-07-02 20:47:30', '2024-07-02 20:47:30'),
(113, 'Champion', 46, '2024-07-02 20:47:30', '2024-07-02 20:47:30'),
(114, 'Cheeky', 46, '2024-07-02 20:47:30', '2024-07-02 20:47:30'),
(115, 'Cheito', 46, '2024-07-02 20:47:30', '2024-07-02 20:47:30'),
(116, 'Cherokee', 46, '2024-07-02 20:47:30', '2024-07-02 20:47:30'),
(117, 'Chess', 46, '2024-07-02 20:47:30', '2024-07-02 20:47:30'),
(118, 'Chibel', 46, '2024-07-02 20:47:30', '2024-07-02 20:47:30'),
(119, 'Chicco', 46, '2024-07-02 20:47:30', '2024-07-02 20:47:30'),
(120, 'Chick Pea', 46, '2024-07-02 20:47:30', '2024-07-02 20:47:30'),
(121, 'Childrens Place', 46, '2024-07-02 20:47:30', '2024-07-02 20:47:30'),
(122, 'Chimola', 46, '2024-07-02 20:47:30', '2024-07-02 20:47:30'),
(123, 'Circo', 46, '2024-07-02 20:47:30', '2024-07-02 20:47:30'),
(124, 'Classic World', 46, '2024-07-02 20:47:30', '2024-07-02 20:47:30'),
(125, 'Coco House', 46, '2024-07-02 20:47:30', '2024-07-02 20:47:30'),
(126, 'Collbell', 46, '2024-07-02 20:47:30', '2024-07-02 20:47:30'),
(127, 'Colloky', 46, '2024-07-02 20:47:30', '2024-07-02 20:47:30'),
(128, 'Colombraro', 46, '2024-07-02 20:47:30', '2024-07-02 20:47:30'),
(129, 'Columbia', 46, '2024-07-02 20:47:30', '2024-07-02 20:47:30'),
(130, 'Comic', 46, '2024-07-02 20:47:30', '2024-07-02 20:47:30'),
(131, 'Como Quieres', 46, '2024-07-02 20:47:30', '2024-07-02 20:47:30'),
(132, 'Complot', 46, '2024-07-02 20:47:30', '2024-07-02 20:47:30'),
(133, 'Coniglio', 46, '2024-07-02 20:47:30', '2024-07-02 20:47:30'),
(134, 'Converse', 46, '2024-07-02 20:47:30', '2024-07-02 20:47:30'),
(135, 'Cool Baby', 46, '2024-07-02 20:47:30', '2024-07-02 20:47:30'),
(136, 'Cool Club', 46, '2024-07-02 20:47:30', '2024-07-02 20:47:30'),
(137, 'Coolbeach', 46, '2024-07-02 20:47:30', '2024-07-02 20:47:30'),
(138, 'Coolibar', 46, '2024-07-02 20:47:30', '2024-07-02 20:47:30'),
(139, 'Corte Ingles', 46, '2024-07-02 20:47:30', '2024-07-02 20:47:30'),
(140, 'Cotton Juice', 46, '2024-07-02 20:47:30', '2024-07-02 20:47:30'),
(141, 'Crazy 8', 46, '2024-07-02 20:47:30', '2024-07-02 20:47:30'),
(142, 'Creciendo', 46, '2024-07-02 20:47:30', '2024-07-02 20:47:30'),
(144, 'Cuarto Estigma', 46, '2024-07-02 20:47:30', '2024-07-02 20:47:30'),
(145, 'Cucu', 46, '2024-07-02 20:47:30', '2024-07-02 20:47:30'),
(146, 'Cultura', 46, '2024-07-02 20:47:30', '2024-07-02 20:47:30'),
(147, 'Decahtlon', 46, '2024-07-02 20:47:30', '2024-07-02 20:47:30'),
(148, 'Denim & Co', 46, '2024-07-02 20:47:30', '2024-08-04 19:17:10'),
(149, 'Disney', 46, '2024-07-02 20:47:30', '2024-07-02 20:47:30'),
(150, 'Ditoys', 46, '2024-07-02 20:47:30', '2024-07-02 20:47:30'),
(151, 'Dkny', 46, '2024-07-02 20:47:30', '2024-07-02 20:47:30'),
(152, 'Dmb', 46, '2024-07-02 20:47:30', '2024-07-02 20:47:30'),
(153, 'Dodipetto', 46, '2024-07-02 20:47:30', '2024-07-02 20:47:30'),
(154, 'Duck', 46, '2024-07-02 20:47:30', '2024-07-02 20:47:30'),
(155, 'Duke', 46, '2024-07-02 20:47:30', '2024-07-02 20:47:30'),
(156, 'Duravit', 46, '2024-07-02 20:47:30', '2024-07-02 20:47:30'),
(157, 'Early Days', 46, '2024-07-02 20:47:30', '2024-07-02 20:47:30'),
(158, 'Edebe', 46, '2024-07-02 20:47:30', '2024-07-02 20:47:30'),
(159, 'Edubaby', 46, '2024-07-02 20:47:30', '2024-07-02 20:47:30'),
(160, 'Ege Kid', 46, '2024-07-02 20:47:30', '2024-07-02 20:47:30'),
(161, 'El Duende Azul', 46, '2024-07-02 20:47:30', '2024-07-02 20:47:30'),
(162, 'Elemento', 46, '2024-07-02 20:47:30', '2024-07-02 20:47:30'),
(163, 'Elepants', 46, '2024-07-02 20:47:30', '2024-07-02 20:47:30'),
(164, 'Elv Denim', 46, '2024-07-02 20:47:30', '2024-07-02 20:47:30'),
(165, 'Emily And Oliver', 46, '2024-07-02 20:47:30', '2024-07-02 20:47:30'),
(166, 'Epk', 46, '2024-07-02 20:47:30', '2024-07-02 20:47:30'),
(167, 'Evenflo', 46, '2024-07-02 20:47:30', '2024-07-02 20:47:30'),
(168, 'Everlast', 46, '2024-07-02 20:47:30', '2024-07-02 20:47:30'),
(169, 'Fagottino', 46, '2024-07-02 20:47:30', '2024-07-02 20:47:30'),
(170, 'Farlin', 46, '2024-07-02 20:47:30', '2024-07-02 20:47:30'),
(171, 'Felcraft', 46, '2024-07-02 20:47:30', '2024-07-02 20:47:30'),
(172, 'Ferli', 46, '2024-07-02 20:47:30', '2024-07-02 20:47:30'),
(173, 'Fila', 46, '2024-07-02 20:47:30', '2024-07-02 20:47:30'),
(174, 'First Impressions', 46, '2024-07-02 20:47:30', '2024-07-02 20:47:30'),
(175, 'First Imprssions', 46, '2024-07-02 20:47:30', '2024-07-02 20:47:30'),
(176, 'First Shoes', 46, '2024-07-02 20:47:30', '2024-07-02 20:47:30'),
(177, 'Fisher Price', 46, '2024-07-02 20:47:30', '2024-07-02 20:47:30'),
(178, 'Floating', 46, '2024-07-02 20:47:30', '2024-07-02 20:47:30'),
(179, 'Floating Baby', 46, '2024-07-02 20:47:30', '2024-07-02 20:47:30'),
(180, 'Footy', 46, '2024-07-02 20:47:30', '2024-07-02 20:47:30'),
(181, 'Forever 21', 46, '2024-07-02 20:47:30', '2024-07-02 20:47:30'),
(182, 'Free Style', 46, '2024-07-02 20:47:30', '2024-07-02 20:47:30'),
(183, 'G De B', 46, '2024-07-02 20:47:30', '2024-07-02 20:47:30'),
(184, 'Gamise', 46, '2024-07-02 20:47:30', '2024-07-02 20:47:30'),
(185, 'Gap', 46, '2024-07-02 20:47:30', '2024-07-02 20:47:30'),
(186, 'Garanimais', 46, '2024-07-02 20:47:31', '2024-07-02 20:47:31'),
(187, 'Garcon Garcia', 46, '2024-07-02 20:47:31', '2024-07-02 20:47:31'),
(188, 'Gato Y Garabato', 46, '2024-07-02 20:47:31', '2024-07-02 20:47:31'),
(189, 'Gerber', 46, '2024-07-02 20:47:31', '2024-07-02 20:47:31'),
(190, 'Gimos', 46, '2024-07-02 20:47:31', '2024-07-02 20:47:31'),
(191, 'Girls Collection', 46, '2024-07-02 20:47:31', '2024-07-02 20:47:31'),
(192, 'Grimoldi', 46, '2024-07-02 20:47:31', '2024-07-02 20:47:31'),
(193, 'Grims', 46, '2024-07-02 20:47:31', '2024-07-02 20:47:31'),
(194, 'Grisino', 46, '2024-07-02 20:47:31', '2024-07-02 20:47:31'),
(195, 'Guess', 46, '2024-07-02 20:47:31', '2024-07-02 20:47:31'),
(196, 'Gyd', 46, '2024-07-02 20:47:31', '2024-07-02 20:47:31'),
(197, 'Gymboree', 46, '2024-07-02 20:47:31', '2024-07-02 20:47:31'),
(198, 'H&m', 46, '2024-07-02 20:47:31', '2024-08-04 19:17:10'),
(199, 'Harvest', 46, '2024-07-02 20:47:31', '2024-07-02 20:47:31'),
(200, 'Hasbro', 46, '2024-07-02 20:47:31', '2024-07-02 20:47:31'),
(201, 'Havaianas', 46, '2024-07-02 20:47:31', '2024-07-02 20:47:31'),
(202, 'Healthtex Usa', 46, '2024-07-02 20:47:31', '2024-07-02 20:47:31'),
(203, 'Hello Kitty', 46, '2024-07-02 20:47:31', '2024-07-02 20:47:31'),
(204, 'Herod', 46, '2024-07-02 20:47:31', '2024-07-02 20:47:31'),
(205, 'Heyday', 46, '2024-07-02 20:47:31', '2024-07-02 20:47:31'),
(206, 'Hippo', 46, '2024-07-02 20:47:31', '2024-07-02 20:47:31'),
(207, 'Hollister', 46, '2024-07-02 20:47:31', '2024-07-02 20:47:31'),
(208, 'Honney Peppers', 46, '2024-07-02 20:47:31', '2024-07-02 20:47:31'),
(209, 'Hot Wheels', 46, '2024-07-02 20:47:31', '2024-07-02 20:47:31'),
(210, 'Hudson', 46, '2024-07-02 20:47:31', '2024-07-02 20:47:31'),
(211, 'Humms', 46, '2024-07-02 20:47:31', '2024-07-02 20:47:31'),
(212, 'Hush Puppies', 46, '2024-07-02 20:47:31', '2024-07-02 20:47:31'),
(213, 'Importado', 46, '2024-07-02 20:47:31', '2024-07-02 20:47:31'),
(214, 'Infanti', 46, '2024-07-02 20:47:31', '2024-07-02 20:47:31'),
(215, 'Infantino', 46, '2024-07-02 20:47:31', '2024-07-02 20:47:31'),
(216, 'Ipanema', 46, '2024-07-02 20:47:31', '2024-07-02 20:47:31'),
(217, 'Jaguar', 46, '2024-07-02 20:47:31', '2024-07-02 20:47:31'),
(218, 'Jane & Jack', 46, '2024-07-02 20:47:31', '2024-08-04 19:17:10'),
(219, 'Just One You', 46, '2024-07-02 20:47:31', '2024-07-02 20:47:31'),
(220, 'Justice', 46, '2024-07-02 20:47:31', '2024-07-02 20:47:31'),
(221, 'Kalenji', 46, '2024-07-02 20:47:31', '2024-07-02 20:47:31'),
(222, 'Kenneth', 46, '2024-07-02 20:47:31', '2024-07-02 20:47:31'),
(223, 'Kenzo', 46, '2024-07-02 20:47:31', '2024-07-02 20:47:31'),
(224, 'Kevingston', 46, '2024-07-02 20:47:31', '2024-07-02 20:47:31'),
(225, 'Kiabi', 46, '2024-07-02 20:47:31', '2024-07-02 20:47:31'),
(226, 'Kickers', 46, '2024-07-02 20:47:31', '2024-07-02 20:47:31'),
(227, 'Kidz Time', 46, '2024-07-02 20:47:31', '2024-07-02 20:47:31'),
(228, 'Klin', 46, '2024-07-02 20:47:31', '2024-07-02 20:47:31'),
(229, 'Koala Kids', 46, '2024-07-02 20:47:31', '2024-07-02 20:47:31'),
(230, 'Kosiuko', 46, '2024-07-02 20:47:31', '2024-07-02 20:47:31'),
(231, 'La Folie', 46, '2024-07-02 20:47:31', '2024-07-02 20:47:31'),
(232, 'La Ovejita Negra', 46, '2024-07-02 20:47:31', '2024-07-02 20:47:31'),
(233, 'Lacoste', 46, '2024-07-02 20:47:31', '2024-07-02 20:47:31'),
(234, 'Lamaze', 46, '2024-07-02 20:47:31', '2024-07-02 20:47:31'),
(235, 'Lamazze', 46, '2024-07-02 20:47:31', '2024-07-02 20:47:31'),
(236, 'Las CastaÑitas', 46, '2024-07-02 20:47:31', '2024-07-02 20:47:31'),
(237, 'Lc Waikiki', 46, '2024-07-02 20:47:31', '2024-07-02 20:47:31'),
(238, 'Leapfrog', 46, '2024-07-02 20:47:31', '2024-07-02 20:47:31'),
(239, 'Lefties', 46, '2024-07-02 20:47:31', '2024-07-02 20:47:31'),
(240, 'Lego', 46, '2024-07-02 20:47:31', '2024-07-02 20:47:31'),
(241, 'Lelitthe', 46, '2024-07-02 20:47:31', '2024-07-02 20:47:31'),
(242, 'Levi\'s', 46, '2024-07-02 20:47:31', '2024-07-02 20:47:31'),
(243, 'Libros Del Malabarista', 46, '2024-07-02 20:47:31', '2024-07-02 20:47:31'),
(244, 'Little Akiabara', 46, '2024-07-02 20:47:31', '2024-07-02 20:47:31'),
(245, 'Little Me', 46, '2024-07-02 20:47:31', '2024-07-02 20:47:31'),
(246, 'Little People', 46, '2024-07-02 20:47:31', '2024-07-02 20:47:31'),
(247, 'Little Ranger', 46, '2024-07-02 20:47:31', '2024-07-02 20:47:31'),
(248, 'London Fog', 46, '2024-07-02 20:47:31', '2024-07-02 20:47:31'),
(249, 'Lookmania', 46, '2024-07-02 20:47:31', '2024-07-02 20:47:31'),
(250, 'Love', 46, '2024-07-02 20:47:31', '2024-07-02 20:47:31'),
(251, 'Ludo Matic', 46, '2024-07-02 20:47:31', '2024-07-02 20:47:31'),
(252, 'Lupilu', 46, '2024-07-02 20:47:31', '2024-07-02 20:47:31'),
(253, 'Lupro', 46, '2024-07-02 20:47:31', '2024-07-02 20:47:31'),
(254, 'Magdalena Esposito', 46, '2024-07-02 20:47:31', '2024-07-02 20:47:31'),
(255, 'Mango', 46, '2024-07-02 20:47:31', '2024-07-02 20:47:31'),
(256, 'Marcel', 46, '2024-07-02 20:47:31', '2024-07-02 20:47:31'),
(257, 'Marvel', 46, '2024-07-02 20:47:31', '2024-07-02 20:47:31'),
(258, 'Mascotas', 46, '2024-07-02 20:47:31', '2024-07-02 20:47:31'),
(259, 'Mattel', 46, '2024-07-02 20:47:31', '2024-07-02 20:47:31'),
(260, 'Melania', 46, '2024-07-02 20:47:31', '2024-07-02 20:47:31'),
(261, 'Melody', 46, '2024-07-02 20:47:31', '2024-07-02 20:47:31'),
(262, 'Mimo & Co', 46, '2024-07-02 20:47:31', '2024-08-04 19:17:10'),
(263, 'Mini Anima', 46, '2024-07-02 20:47:31', '2024-07-02 20:47:31'),
(264, 'Mini Viamo', 46, '2024-07-02 20:47:31', '2024-07-02 20:47:31'),
(265, 'Miniclasia', 46, '2024-07-02 20:47:31', '2024-07-02 20:47:31'),
(266, 'Miniconf', 46, '2024-07-02 20:47:31', '2024-07-02 20:47:31'),
(267, 'Minicoz', 46, '2024-07-02 20:47:31', '2024-07-02 20:47:31'),
(268, 'Minimimo', 46, '2024-07-02 20:47:31', '2024-07-02 20:47:31'),
(269, 'Minions', 46, '2024-07-02 20:47:31', '2024-07-02 20:47:31'),
(270, 'Minis Kids', 46, '2024-07-02 20:47:31', '2024-07-02 20:47:31'),
(271, 'Minni Melissa', 46, '2024-07-02 20:47:31', '2024-07-02 20:47:31'),
(272, 'Minoli', 46, '2024-07-02 20:47:31', '2024-07-02 20:47:31'),
(273, 'Mios', 46, '2024-07-02 20:47:31', '2024-07-02 20:47:31'),
(274, 'Mistral', 46, '2024-07-02 20:47:31', '2024-07-02 20:47:31'),
(275, 'Mk', 46, '2024-07-02 20:47:31', '2024-07-02 20:47:31'),
(276, 'Mkds', 46, '2024-07-02 20:47:31', '2024-07-02 20:47:31'),
(277, 'Molekina', 46, '2024-07-02 20:47:31', '2024-07-02 20:47:31'),
(278, 'Monostar', 46, '2024-07-02 20:47:31', '2024-07-02 20:47:31'),
(279, 'Mooll', 46, '2024-07-02 20:47:31', '2024-07-02 20:47:31'),
(280, 'Mujer Habitada', 46, '2024-07-02 20:47:31', '2024-07-02 20:47:31'),
(281, 'My Little Pony', 46, '2024-07-02 20:47:31', '2024-07-02 20:47:31'),
(282, 'Naf Naf', 46, '2024-07-02 20:47:31', '2024-07-02 20:47:31'),
(283, 'Naranjo', 46, '2024-07-02 20:47:31', '2024-07-02 20:47:31'),
(284, 'Narrow', 46, '2024-07-02 20:47:31', '2024-07-02 20:47:31'),
(285, 'Natura', 46, '2024-07-02 20:47:31', '2024-07-02 20:47:31'),
(286, 'Nautica', 46, '2024-07-02 20:47:31', '2024-07-02 20:47:31'),
(287, 'New Balance', 46, '2024-07-02 20:47:31', '2024-07-02 20:47:31'),
(288, 'New Tilers', 46, '2024-07-02 20:47:31', '2024-07-02 20:47:31'),
(289, 'New Toys', 46, '2024-07-02 20:47:31', '2024-07-02 20:47:31'),
(290, 'Newborn', 46, '2024-07-02 20:47:31', '2024-07-02 20:47:31'),
(291, 'Nike', 46, '2024-07-02 20:47:31', '2024-07-02 20:47:31'),
(292, 'Ninella', 46, '2024-07-02 20:47:31', '2024-07-02 20:47:31'),
(293, 'Norma', 46, '2024-07-02 20:47:31', '2024-07-02 20:47:31'),
(294, 'Nuby', 46, '2024-07-02 20:47:31', '2024-07-02 20:47:31'),
(295, 'Nuk', 46, '2024-07-02 20:47:31', '2024-07-02 20:47:31'),
(296, 'Nupro', 46, '2024-07-02 20:47:31', '2024-07-02 20:47:31'),
(297, 'O\'neill', 46, '2024-07-02 20:47:31', '2024-07-02 20:47:31'),
(298, 'Okbaby', 46, '2024-07-02 20:47:31', '2024-07-02 20:47:31'),
(299, 'Okie Dokie', 46, '2024-07-02 20:47:31', '2024-07-02 20:47:31'),
(300, 'Old Bunch', 46, '2024-07-02 20:47:31', '2024-07-02 20:47:31'),
(301, 'Old Navy', 46, '2024-07-02 20:47:31', '2024-07-02 20:47:31'),
(302, 'Ona Saez', 46, '2024-07-02 20:47:31', '2024-07-02 20:47:31'),
(303, 'Osh Kosh', 46, '2024-07-02 20:47:31', '2024-07-02 20:47:31'),
(304, 'Oviesse', 46, '2024-07-02 20:47:31', '2024-07-02 20:47:31'),
(305, 'Owoko', 46, '2024-07-02 20:47:31', '2024-07-02 20:47:31'),
(306, 'Pampero', 46, '2024-07-02 20:47:31', '2024-07-02 20:47:31'),
(307, 'Panda', 46, '2024-07-02 20:47:31', '2024-07-02 20:47:31'),
(308, 'Paula Cahen D\'anvers', 46, '2024-07-02 20:47:31', '2024-07-02 20:47:31'),
(309, 'Paz Cornu', 46, '2024-07-02 20:47:31', '2024-07-02 20:47:31'),
(310, 'Penguin', 46, '2024-07-02 20:47:31', '2024-07-02 20:47:31'),
(311, 'Pepe Jeans', 46, '2024-07-02 20:47:31', '2024-07-02 20:47:31'),
(312, 'Petit Enfant', 46, '2024-07-02 20:47:31', '2024-07-02 20:47:31'),
(313, 'Phi Phi Toys', 46, '2024-07-02 20:47:31', '2024-07-02 20:47:31'),
(314, 'Pigeon', 46, '2024-07-02 20:47:31', '2024-07-02 20:47:31'),
(315, 'Pillin', 46, '2024-07-02 20:47:31', '2024-07-02 20:47:31'),
(316, 'Pininna', 46, '2024-07-02 20:47:31', '2024-07-02 20:47:31'),
(317, 'Pinnina', 46, '2024-07-02 20:47:31', '2024-07-02 20:47:31'),
(318, 'PiÑata', 46, '2024-07-02 20:47:31', '2024-07-02 20:47:31'),
(319, 'Pioppa', 46, '2024-07-02 20:47:31', '2024-07-02 20:47:31'),
(320, 'Place', 46, '2024-07-02 20:47:31', '2024-07-02 20:47:31'),
(321, 'Playgro', 46, '2024-07-02 20:47:31', '2024-07-02 20:47:31'),
(322, 'Playskool', 46, '2024-07-02 20:47:31', '2024-07-02 20:47:31'),
(323, 'Polito', 46, '2024-07-02 20:47:31', '2024-07-02 20:47:31'),
(324, 'Polo Ralph Lauren', 46, '2024-07-02 20:47:31', '2024-07-02 20:47:31'),
(325, 'Popeye', 46, '2024-07-02 20:47:31', '2024-07-02 20:47:31'),
(326, 'Popsugar', 46, '2024-07-02 20:47:31', '2024-07-02 20:47:31'),
(327, 'Prenatal', 46, '2024-07-02 20:47:31', '2024-07-02 20:47:31'),
(328, 'Primark', 46, '2024-07-02 20:47:31', '2024-07-02 20:47:31'),
(329, 'Priori', 46, '2024-07-02 20:47:31', '2024-07-02 20:47:31'),
(330, 'Puma', 46, '2024-07-02 20:47:31', '2024-07-02 20:47:31'),
(331, 'Pupis', 46, '2024-07-02 20:47:31', '2024-07-02 20:47:31'),
(332, 'Quechua', 46, '2024-07-02 20:47:31', '2024-07-02 20:47:31'),
(333, 'Quicksilver', 46, '2024-07-02 20:47:31', '2024-07-02 20:47:31'),
(334, 'Quimby Baby', 46, '2024-07-02 20:47:31', '2024-07-02 20:47:31'),
(335, 'Radcon', 46, '2024-07-02 20:47:31', '2024-07-02 20:47:31'),
(336, 'Randi', 46, '2024-07-02 20:47:31', '2024-07-02 20:47:31'),
(337, 'Rapsodia', 46, '2024-07-02 20:47:31', '2024-07-02 20:47:31'),
(338, 'Ravanelli', 46, '2024-07-02 20:47:31', '2024-07-02 20:47:31'),
(339, 'Redbox', 46, '2024-07-02 20:47:31', '2024-07-02 20:47:31'),
(340, 'Reebook', 46, '2024-07-02 20:47:31', '2024-07-02 20:47:31'),
(341, 'Reef', 46, '2024-07-02 20:47:31', '2024-07-02 20:47:31'),
(342, 'Rever Pass', 46, '2024-07-02 20:47:31', '2024-07-02 20:47:31'),
(343, 'Rider', 46, '2024-07-02 20:47:31', '2024-07-02 20:47:31'),
(344, 'Ripcurl', 46, '2024-07-02 20:47:31', '2024-07-02 20:47:31'),
(345, 'Roca Wear', 46, '2024-07-02 20:47:31', '2024-07-02 20:47:31'),
(346, 'Rondi', 46, '2024-07-02 20:47:31', '2024-07-02 20:47:31'),
(347, 'Ruibal', 46, '2024-07-02 20:47:31', '2024-07-02 20:47:31'),
(348, 'Rusty', 46, '2024-07-02 20:47:31', '2024-07-02 20:47:31'),
(349, 'Salomon', 46, '2024-07-02 20:47:31', '2024-07-02 20:47:31'),
(350, 'San Up', 46, '2024-07-02 20:47:31', '2024-07-02 20:47:31'),
(351, 'Savanah', 46, '2024-07-02 20:47:31', '2024-07-02 20:47:31'),
(352, 'Scombro', 46, '2024-07-02 20:47:31', '2024-07-02 20:47:31'),
(353, 'Seawalk', 46, '2024-07-02 20:47:31', '2024-07-02 20:47:31'),
(354, 'Simones', 46, '2024-07-02 20:47:31', '2024-07-02 20:47:31'),
(355, 'Sin Marca', 46, '2024-07-02 20:47:31', '2024-07-02 20:47:31'),
(356, 'Sketchers', 46, '2024-07-02 20:47:31', '2024-07-02 20:47:31'),
(357, 'Small', 46, '2024-07-02 20:47:31', '2024-07-02 20:47:31'),
(358, 'Smart Games', 46, '2024-07-02 20:47:31', '2024-07-02 20:47:31'),
(359, 'So Cippo', 46, '2024-07-02 20:47:31', '2024-07-02 20:47:31'),
(360, 'Sorvo', 46, '2024-07-02 20:47:31', '2024-07-02 20:47:31'),
(361, 'Spark Create', 46, '2024-07-02 20:47:31', '2024-07-02 20:47:31'),
(362, 'Speedo', 46, '2024-07-02 20:47:31', '2024-07-02 20:47:31'),
(363, 'Sphera', 46, '2024-07-02 20:47:31', '2024-07-02 20:47:31'),
(364, 'Stepping Stones Usa', 46, '2024-07-02 20:47:31', '2024-07-02 20:47:31'),
(365, 'Summer Supreme', 46, '2024-07-02 20:47:31', '2024-07-02 20:47:31'),
(366, 'Sweat & Soft', 46, '2024-07-02 20:47:31', '2024-08-04 19:17:10'),
(367, 'Sweet', 46, '2024-07-02 20:47:31', '2024-07-02 20:47:31'),
(368, 'Sweet Victorian', 46, '2024-07-02 20:47:31', '2024-07-02 20:47:31'),
(369, 'Tac26', 46, '2024-07-02 20:47:31', '2024-07-02 20:47:31'),
(370, 'Taci', 46, '2024-07-02 20:47:31', '2024-07-02 20:47:31'),
(371, 'Tahari', 46, '2024-07-02 20:47:31', '2024-07-02 20:47:31'),
(372, 'Tex', 46, '2024-07-02 20:47:31', '2024-07-02 20:47:31'),
(373, 'The North Face', 46, '2024-07-02 20:47:31', '2024-07-02 20:47:31'),
(374, 'Timberland', 46, '2024-07-02 20:47:31', '2024-07-02 20:47:31'),
(375, 'Tiny Love', 46, '2024-07-02 20:47:31', '2024-07-02 20:47:31'),
(376, 'Tommy Hilfiger', 46, '2024-07-02 20:47:31', '2024-07-02 20:47:31'),
(377, 'Toot', 46, '2024-07-02 20:47:31', '2024-07-02 20:47:31'),
(378, 'Top Bright', 46, '2024-07-02 20:47:31', '2024-07-02 20:47:31'),
(379, 'Top Games', 46, '2024-07-02 20:47:31', '2024-07-02 20:47:31'),
(380, 'Top Toys', 46, '2024-07-02 20:47:31', '2024-07-02 20:47:31'),
(381, 'Topo Mini', 46, '2024-07-02 20:47:31', '2024-07-02 20:47:31'),
(382, 'Topper', 46, '2024-07-02 20:47:31', '2024-07-02 20:47:31'),
(383, 'Toyco', 46, '2024-07-02 20:47:31', '2024-07-02 20:47:31'),
(384, 'Tree Toys', 46, '2024-07-02 20:47:31', '2024-07-02 20:47:31'),
(385, 'Tribu', 46, '2024-07-02 20:47:31', '2024-07-02 20:47:31'),
(386, 'Under Armour', 46, '2024-07-02 20:47:31', '2024-07-02 20:47:31'),
(387, 'Uniqlo', 46, '2024-07-02 20:47:31', '2024-07-02 20:47:31'),
(388, 'Urbano Kids', 46, '2024-07-02 20:47:31', '2024-07-02 20:47:31'),
(389, 'Us Polo', 46, '2024-07-02 20:47:31', '2024-07-02 20:47:31'),
(390, 'Vanderholl', 46, '2024-07-02 20:47:31', '2024-07-02 20:47:31'),
(391, 'Vans', 46, '2024-07-02 20:47:31', '2024-07-02 20:47:31'),
(392, 'Vegui', 46, '2024-07-02 20:47:31', '2024-07-02 20:47:31'),
(393, 'Vexin', 46, '2024-07-02 20:47:31', '2024-07-02 20:47:31'),
(394, 'Vitamina', 46, '2024-07-02 20:47:31', '2024-07-02 20:47:31'),
(395, 'Vtech', 46, '2024-07-02 20:47:31', '2024-07-02 20:47:31'),
(396, 'Vulcanita', 46, '2024-07-02 20:47:31', '2024-07-02 20:47:31'),
(397, 'Wanama', 46, '2024-07-02 20:47:31', '2024-07-02 20:47:31'),
(398, 'Wawita', 46, '2024-07-02 20:47:31', '2024-07-02 20:47:31'),
(399, 'Weak Meak', 46, '2024-07-02 20:47:31', '2024-07-02 20:47:31'),
(400, 'Weather Proof', 46, '2024-07-02 20:47:31', '2024-07-02 20:47:31'),
(401, 'Wellington Polo Club', 46, '2024-07-02 20:47:31', '2024-07-02 20:47:31'),
(402, 'Wet Suit', 46, '2024-07-02 20:47:31', '2024-07-02 20:47:31'),
(403, 'Winfun', 46, '2024-07-02 20:47:31', '2024-07-02 20:47:31'),
(404, 'Wonder Nation', 46, '2024-07-02 20:47:31', '2024-07-02 20:47:31'),
(405, 'Woody Toys', 46, '2024-07-02 20:47:31', '2024-07-02 20:47:31'),
(406, 'Wrangler', 46, '2024-07-02 20:47:31', '2024-07-02 20:47:31'),
(407, 'Wuap', 46, '2024-07-02 20:47:31', '2024-07-02 20:47:31'),
(408, 'Xtrem', 46, '2024-07-02 20:47:31', '2024-07-02 20:47:31'),
(409, 'Yamp', 46, '2024-07-02 20:47:31', '2024-07-02 20:47:31'),
(410, 'Yoko', 46, '2024-07-02 20:47:31', '2024-07-02 20:47:31'),
(411, 'Young Dimension', 46, '2024-07-02 20:47:31', '2024-07-02 20:47:31'),
(412, 'Zara', 46, '2024-07-02 20:47:31', '2024-07-02 20:47:31'),
(413, 'Zobo', 46, '2024-07-02 20:47:31', '2024-07-02 20:47:31'),
(414, 'Yuyu', 46, '2024-07-02 20:47:31', '2024-07-02 20:47:31'),
(415, 'Implas', 46, '2024-07-02 20:47:31', '2024-07-02 20:47:31'),
(416, 'Antex', 46, '2024-07-02 20:47:30', '2024-07-02 20:47:30'),
(417, 'Edutek', 46, '2024-07-02 20:47:30', '2024-07-02 20:47:30'),
(418, 'Habano', 46, '2024-07-02 20:47:31', '2024-07-02 20:47:31'),
(419, 'Pictus', 46, '2024-07-02 20:47:31', '2024-07-02 20:47:31'),
(420, 'Abellie', 46, '2024-07-02 20:47:30', '2024-07-02 20:47:30'),
(421, 'Siamo Fuori', 46, '2024-07-02 20:47:31', '2024-07-02 20:47:31'),
(422, 'Burbujas', 46, '2024-07-02 20:47:30', '2024-07-02 20:47:30'),
(423, 'Editorial Loqueleo', 46, '2024-07-02 20:47:30', '2024-07-02 20:47:30'),
(424, 'Editorial Norma', 46, '2024-07-02 20:47:30', '2024-07-02 20:47:30'),
(425, 'Editorial Guadal', 46, '2024-07-02 20:47:30', '2024-07-02 20:47:30'),
(426, 'Editorial Edelvives', 46, '2024-07-02 20:47:30', '2024-07-02 20:47:30'),
(427, 'Editorial Artemisia', 46, '2024-07-02 20:47:30', '2024-07-02 20:47:30'),
(428, 'Editorial Limonero', 46, '2024-07-02 20:47:30', '2024-07-02 20:47:30'),
(429, 'Editorial Hola Chicos', 46, '2024-07-02 20:47:30', '2024-07-02 20:47:30'),
(430, 'Editorial Ngv', 46, '2024-07-02 20:47:30', '2024-07-02 20:47:30'),
(431, 'Editorial Latinbooks International', 46, '2024-07-02 20:47:30', '2024-07-02 20:47:30'),
(432, 'Calfor X-tracks', 46, '2024-07-02 20:47:30', '2024-07-02 20:47:30'),
(433, 'Zuppa', 46, '2024-07-02 20:47:31', '2024-07-02 20:47:31'),
(434, 'Simona', 46, '2024-07-02 20:47:31', '2024-07-02 20:47:31'),
(435, 'Mvd Calzados', 46, '2024-07-02 20:47:31', '2024-07-02 20:47:31'),
(436, 'Anisa', 46, '2024-07-02 20:47:30', '2024-07-02 20:47:30'),
(437, 'Filippo', 46, '2024-07-02 20:47:30', '2024-07-02 20:47:30'),
(438, 'Bender', 46, '2024-07-02 20:47:30', '2024-07-02 20:47:30'),
(439, 'Leutthe', 46, '2024-07-02 20:47:31', '2024-07-02 20:47:31'),
(440, 'Popys', 46, '2024-07-02 20:47:31', '2024-07-02 20:47:31'),
(441, 'Luz De Estrellita', 46, '2024-07-02 20:47:31', '2024-07-02 20:47:31'),
(442, 'Edades', 0, '2024-07-02 20:47:30', '2024-07-02 20:47:30'),
(444, 'Juguetes', 0, '2024-07-02 20:47:31', '2024-07-02 20:47:31'),
(445, 'Talle Calzado', 0, '2024-07-02 20:47:31', '2024-07-02 20:47:31'),
(446, 'Accesorios', 0, '2024-07-02 20:47:30', '2024-07-02 20:47:30'),
(448, 'Mosquitero', 446, '2024-07-02 20:47:31', '2024-07-02 20:47:31'),
(449, 'Pantalones', 530, '2024-07-02 20:47:31', '2024-08-01 20:13:49'),
(450, 'Camisas', 530, '2024-07-02 20:40:24', '2024-08-01 20:13:49'),
(451, 'Bodies', 530, '2024-07-02 20:47:30', '2024-08-01 20:13:49'),
(453, '00-03 Meses', 442, '2024-07-02 20:47:30', '2024-07-02 20:47:30'),
(454, '06-12 Meses', 442, '2024-07-02 20:47:30', '2024-07-02 20:47:30'),
(455, '03-06 Meses', 442, '2024-07-02 20:47:30', '2024-07-02 20:47:30'),
(456, 'Enteritos', 530, '2024-07-02 20:47:30', '2024-08-01 20:13:49'),
(457, 'Gorritos', 446, '2024-07-02 20:47:31', '2024-07-02 20:47:31'),
(458, 'Mallas', 530, '2024-07-02 20:47:31', '2024-08-01 20:13:49'),
(459, '12-18 Meses', 442, '2024-07-02 20:40:24', '2024-07-02 20:40:24'),
(460, '18-24 Meses', 442, '2024-07-02 20:47:30', '2024-07-02 20:47:30'),
(461, 'Polleras', 530, '2024-07-02 20:47:31', '2024-08-01 20:13:49'),
(462, 'Vestidos', 530, '2024-07-02 20:47:31', '2024-08-01 20:13:49'),
(466, 'Shorts y Bermudas', 0, '2024-07-02 20:47:31', '2024-08-01 20:13:49'),
(467, 'Ojotas Y Crocs', 509, '2024-07-02 20:47:31', '2024-07-02 20:47:31'),
(468, 'Zapatillas', 509, '2024-07-02 20:47:31', '2024-07-02 20:47:31'),
(469, '4-5 Años', 442, '2024-07-02 20:47:30', '2024-07-02 20:47:30'),
(470, '8-9 Años', 442, '2024-07-02 20:47:30', '2024-07-02 20:47:30'),
(472, 'RN-17', 445, '2024-07-02 20:47:31', '2024-07-02 20:47:31'),
(473, '18-21', 445, '2024-07-02 20:47:30', '2024-07-02 20:47:30'),
(474, '30-33', 445, '2024-07-02 20:47:30', '2024-07-02 20:47:30'),
(475, 'Pijamas', 530, '2024-07-02 20:47:31', '2024-08-01 20:13:49'),
(476, 'Conjuntos', 530, '2024-07-02 20:47:30', '2024-08-01 20:13:49'),
(477, 'Botas De Lluvia', 509, '2024-07-02 20:47:30', '2024-07-02 20:47:30'),
(478, 'Zapatos Y Mocasines', 509, '2024-07-02 20:47:31', '2024-07-02 20:47:31'),
(479, 'Botas', 509, '2024-07-02 20:47:30', '2024-07-02 20:47:30'),
(480, 'Escolares', 509, '2024-07-02 20:47:30', '2024-07-02 20:47:30'),
(481, 'No Caminante', 445, '2024-07-02 20:47:31', '2024-07-02 20:47:31'),
(482, 'Sandalias', 509, '2024-07-02 20:47:31', '2024-07-02 20:47:31'),
(483, 'Cinturones', 446, '2024-07-02 20:47:30', '2024-07-02 20:47:30'),
(484, 'Bombachudos', 446, '2024-07-02 20:47:30', '2024-07-02 20:47:30'),
(485, 'Mochis Y Fulares', 446, '2024-07-02 20:47:31', '2024-07-02 20:47:31'),
(486, 'Blanqueria - Colchones', 446, '2024-07-02 20:47:30', '2024-07-02 20:47:30'),
(487, 'Baberos', 446, '2024-07-02 20:47:30', '2024-07-02 20:47:30'),
(488, 'Pantuflas', 509, '2024-07-02 20:47:31', '2024-07-02 20:47:31'),
(489, 'Chupetes Y Lactancia', 446, '2024-07-02 20:47:30', '2024-07-02 20:47:30'),
(490, 'Peluches', 444, '2024-07-02 20:47:31', '2024-07-02 20:47:31'),
(491, 'Libros', 444, '2024-07-02 20:47:31', '2024-07-02 20:47:31'),
(492, 'Juegos De Mesa', 444, '2024-07-02 20:47:31', '2024-07-02 20:47:31'),
(493, 'Disfraces', 444, '2024-07-02 20:47:30', '2024-07-02 20:47:30'),
(494, 'Calzas', 530, '2024-07-02 20:47:30', '2024-08-01 20:13:49'),
(496, 'Chalecos', 530, '2024-07-02 20:47:30', '2024-08-01 20:13:49'),
(497, 'Sacos y Sweaters', 530, '2024-07-02 20:47:31', '2024-08-01 20:13:49'),
(498, 'Camperas y Buzos', 530, '2024-07-02 20:47:30', '2024-08-01 20:13:49'),
(500, 'Silla De Comer', 446, '2024-07-02 20:47:31', '2024-07-02 20:47:31'),
(503, 'Salvavidas', 446, '2024-07-02 20:47:31', '2024-07-02 20:47:31'),
(504, 'Baby Call', 446, '2024-07-02 20:47:30', '2024-07-02 20:47:30'),
(509, 'Calzado', 0, '2024-07-02 20:47:30', '2024-07-02 20:47:30'),
(512, 'Remeras', 530, '2024-07-02 20:47:31', '2024-08-01 20:13:49'),
(513, 'A estrenar!', 0, '2024-07-02 20:47:30', '2024-07-02 20:47:30'),
(514, '2-3 Años', 442, '2024-07-02 20:47:30', '2024-07-02 20:47:30'),
(516, '6-7 Años', 442, '2024-07-02 20:47:30', '2024-07-02 20:47:30'),
(517, '10-11 Años', 442, '2024-07-02 20:47:30', '2024-07-02 20:47:30'),
(518, '12-13 Años', 442, '2024-07-02 20:47:30', '2024-07-02 20:47:30'),
(519, '14 Años-y más', 442, '2024-07-02 20:47:30', '2024-07-02 20:47:30'),
(520, 'Tapimovil', 46, '2024-07-02 20:47:31', '2024-07-02 20:47:31'),
(521, 'Nickelodeon', 46, '2024-07-02 20:47:31', '2024-07-02 20:47:31'),
(525, '22-25', 445, '2024-07-02 20:47:30', '2024-07-02 20:47:30'),
(526, '26-29', 445, '2024-07-02 20:47:30', '2024-07-02 20:47:30'),
(527, '34 y más', 445, '2024-07-02 20:47:30', '2024-07-02 20:47:30'),
(528, 'T. 28-38', 445, '2024-07-02 20:47:31', '2024-07-02 20:47:31'),
(529, 'T. Rn-21', 445, '2024-07-02 20:47:31', '2024-07-02 20:47:31'),
(530, 'Ropa', 0, '2024-08-01 20:13:49', '2024-08-01 20:13:49');

-- --------------------------------------------------------

--
-- Estructura de tabla para la tabla `failed_jobs`
--

CREATE TABLE `failed_jobs` (
  `id` bigint(20) UNSIGNED NOT NULL,
  `uuid` varchar(255) NOT NULL,
  `connection` text NOT NULL,
  `queue` text NOT NULL,
  `payload` longtext NOT NULL,
  `exception` longtext NOT NULL,
  `failed_at` timestamp NOT NULL DEFAULT current_timestamp()
) ENGINE=InnoDB DEFAULT CHARSET=utf8mb4 COLLATE=utf8mb4_unicode_ci;

-- --------------------------------------------------------

--
-- Estructura de tabla para la tabla `jobs`
--

CREATE TABLE `jobs` (
  `id` bigint(20) UNSIGNED NOT NULL,
  `queue` varchar(255) NOT NULL,
  `payload` longtext NOT NULL,
  `attempts` tinyint(3) UNSIGNED NOT NULL,
  `reserved_at` int(10) UNSIGNED DEFAULT NULL,
  `available_at` int(10) UNSIGNED NOT NULL,
  `created_at` int(10) UNSIGNED NOT NULL
) ENGINE=InnoDB DEFAULT CHARSET=utf8mb4 COLLATE=utf8mb4_unicode_ci;

-- --------------------------------------------------------

--
-- Estructura de tabla para la tabla `job_batches`
--

CREATE TABLE `job_batches` (
  `id` varchar(255) NOT NULL,
  `name` varchar(255) NOT NULL,
  `total_jobs` int(11) NOT NULL,
  `pending_jobs` int(11) NOT NULL,
  `failed_jobs` int(11) NOT NULL,
  `failed_job_ids` longtext NOT NULL,
  `options` mediumtext DEFAULT NULL,
  `cancelled_at` int(11) DEFAULT NULL,
  `created_at` int(11) NOT NULL,
  `finished_at` int(11) DEFAULT NULL
) ENGINE=InnoDB DEFAULT CHARSET=utf8mb4 COLLATE=utf8mb4_unicode_ci;

-- --------------------------------------------------------

--
-- Estructura de tabla para la tabla `liquidations`
--

CREATE TABLE `liquidations` (
  `id` bigint(20) UNSIGNED NOT NULL,
  `role_id` bigint(20) UNSIGNED NOT NULL,
  `user_id` bigint(20) UNSIGNED NOT NULL,
  `year` year(4) NOT NULL,
  `month` tinyint(3) UNSIGNED NOT NULL,
  `amount` mediumint(9) NOT NULL,
  `send_notification` enum('SI','NO') NOT NULL DEFAULT 'NO',
  `observations` text DEFAULT NULL,
  `account_bank_json` text DEFAULT NULL,
  `created_at` timestamp NULL DEFAULT NULL,
  `updated_at` timestamp NULL DEFAULT NULL,
  `deleted_at` timestamp NULL DEFAULT NULL
) ENGINE=InnoDB DEFAULT CHARSET=utf8mb4 COLLATE=utf8mb4_unicode_ci;

-- --------------------------------------------------------

--
-- Estructura de tabla para la tabla `menu_items`
--

CREATE TABLE `menu_items` (
  `id` bigint(20) UNSIGNED NOT NULL,
  `parent_id` bigint(20) UNSIGNED NOT NULL,
  `permission_id` bigint(20) UNSIGNED DEFAULT NULL,
  `role_id` bigint(20) UNSIGNED DEFAULT NULL,
  `position` smallint(5) UNSIGNED NOT NULL,
  `text` varchar(250) DEFAULT NULL,
  `icon` varchar(250) DEFAULT NULL,
  `icon_color` varchar(250) DEFAULT NULL,
  `created_at` timestamp NULL DEFAULT NULL,
  `updated_at` timestamp NULL DEFAULT NULL,
  `deleted_at` timestamp NULL DEFAULT NULL
) ENGINE=InnoDB DEFAULT CHARSET=utf8mb4 COLLATE=utf8mb4_unicode_ci;

--
-- Volcado de datos para la tabla `menu_items`
--

INSERT INTO `menu_items` (`id`, `parent_id`, `permission_id`, `role_id`, `position`, `text`, `icon`, `icon_color`, `created_at`, `updated_at`, `deleted_at`) VALUES
(1, 1, NULL, 2, 3, 'ADMINISTRACIÓN', NULL, NULL, '2024-06-02 16:22:19', '2024-07-03 21:09:04', NULL),
(2, 2, NULL, NULL, 6, 'Usuarios', 'fas fa-users', NULL, '2024-06-02 16:23:35', '2024-07-03 21:09:04', NULL),
(3, 2, 16, NULL, 7, 'Todos', NULL, 'danger', '2024-06-02 16:24:51', '2024-07-03 21:09:04', NULL),
(4, 4, NULL, 1, 15, 'SYS ADMIN', NULL, NULL, '2024-06-02 16:30:56', '2024-08-06 03:19:20', NULL),
(5, 5, 23, NULL, 17, 'Menu Items', 'fas fa-bars', NULL, '2024-06-02 16:33:30', '2024-08-06 03:19:20', NULL),
(6, 6, NULL, NULL, 4, 'Productos', 'fas fa-tshirt', NULL, '2024-06-02 16:34:35', '2024-07-03 21:09:04', NULL),
(7, 6, 44, NULL, 5, 'Listado', NULL, 'info', '2024-06-02 16:37:33', '2024-07-03 21:09:04', NULL),
(8, 8, 80, NULL, 14, 'Categorías', 'fas fa-list', NULL, '2024-06-03 15:17:57', '2024-08-06 03:19:20', NULL),
(9, 2, 30, NULL, 9, 'Proveedores', NULL, 'info', '2024-06-03 17:45:53', '2024-08-06 03:19:20', NULL),
(10, 2, 37, NULL, 10, 'Compradores', NULL, 'warning', '2024-06-03 17:46:28', '2024-08-06 03:19:20', NULL),
(11, 11, 16, NULL, 16, 'Usuarios', 'fas fa-users', NULL, '2024-06-03 17:53:24', '2024-08-06 03:19:20', NULL),
(12, 12, 9, NULL, 18, 'Roles', 'fas fa-id-card', NULL, '2024-06-03 17:53:55', '2024-08-06 03:19:20', NULL),
(13, 13, 2, NULL, 19, 'Permisos', 'fas fa-fingerprint', NULL, '2024-06-03 17:54:22', '2024-08-06 03:19:20', NULL),
(14, 14, 93, NULL, 13, 'Ordenes', 'fas fa-shopping-cart', NULL, '2024-06-07 23:23:08', '2024-08-06 03:19:20', NULL),
(15, 15, NULL, NULL, 11, 'Liquidaciones', 'fas fa-file-excel', NULL, '2024-06-12 16:31:10', '2024-08-06 03:19:20', NULL),
(16, 15, 65, NULL, 12, 'Proveedores', NULL, 'info', '2024-06-12 16:32:01', '2024-08-06 03:19:20', NULL),
(17, 17, NULL, 3, 1, 'PROVEEDORES', NULL, NULL, '2024-07-03 21:07:18', '2024-07-03 21:07:18', NULL),
(18, 18, 71, NULL, 2, 'Perfil', NULL, 'info', '2024-07-03 21:09:04', '2024-08-04 21:00:43', NULL),
(19, 2, 80, NULL, 8, 'CACA', NULL, NULL, '2024-08-06 03:19:20', '2024-08-06 03:19:20', NULL);

-- --------------------------------------------------------

--
-- Estructura de tabla para la tabla `migrations`
--

CREATE TABLE `migrations` (
  `id` int(10) UNSIGNED NOT NULL,
  `migration` varchar(255) NOT NULL,
  `batch` int(11) NOT NULL
) ENGINE=InnoDB DEFAULT CHARSET=utf8mb4 COLLATE=utf8mb4_unicode_ci;

--
-- Volcado de datos para la tabla `migrations`
--

INSERT INTO `migrations` (`id`, `migration`, `batch`) VALUES
(1, '0001_01_01_000000_create_users_table', 1),
(2, '0001_01_01_000001_create_cache_table', 1),
(3, '0001_01_01_000002_create_jobs_table', 1),
(4, '2024_03_02_101615_create_permission_tables', 1),
(5, '2024_03_02_102724_add_two_factor_columns_to_users_table', 1),
(6, '2024_04_09_202725_inital_permission_structure', 1),
(7, '2024_04_10_202725_inital_users_structure', 1),
(8, '2024_04_12_202725_inital_products_structure', 1),
(9, '2024_06_7_202725_create_orders', 2),
(10, '2024_06_12_102535_create_liquidations_table', 3),
(11, '2024_08_02_085331_create_user_addresses_table', 4);

-- --------------------------------------------------------

--
-- Estructura de tabla para la tabla `model_has_permissions`
--

CREATE TABLE `model_has_permissions` (
  `permission_id` bigint(20) UNSIGNED NOT NULL,
  `model_type` varchar(255) NOT NULL,
  `model_id` bigint(20) UNSIGNED NOT NULL
) ENGINE=InnoDB DEFAULT CHARSET=utf8mb4 COLLATE=utf8mb4_unicode_ci;

-- --------------------------------------------------------

--
-- Estructura de tabla para la tabla `model_has_roles`
--

CREATE TABLE `model_has_roles` (
  `role_id` bigint(20) UNSIGNED NOT NULL,
  `model_type` varchar(255) NOT NULL,
  `model_id` bigint(20) UNSIGNED NOT NULL
) ENGINE=InnoDB DEFAULT CHARSET=utf8mb4 COLLATE=utf8mb4_unicode_ci;

--
-- Volcado de datos para la tabla `model_has_roles`
--

INSERT INTO `model_has_roles` (`role_id`, `model_type`, `model_id`) VALUES
(1, 'App\\Models\\User', 2);

-- --------------------------------------------------------

--
-- Estructura de tabla para la tabla `orders`
--

CREATE TABLE `orders` (
  `id` bigint(20) UNSIGNED NOT NULL,
  `customer_id` bigint(20) UNSIGNED NOT NULL,
  `billing_email` varchar(255) NOT NULL,
  `status` enum('pending','processing','on-hold','completed','cancelled','refunded','failed','trash') NOT NULL,
  `discount_total` varchar(255) NOT NULL,
  `shipping_total` varchar(255) NOT NULL,
  `total` mediumint(8) UNSIGNED NOT NULL,
  `date_created` datetime NOT NULL,
  `date_modified` datetime NOT NULL,
  `date_completed` datetime NOT NULL,
  `date_paid` datetime NOT NULL,
  `created_at` timestamp NULL DEFAULT NULL,
  `updated_at` timestamp NULL DEFAULT NULL,
  `deleted_at` timestamp NULL DEFAULT NULL
) ENGINE=InnoDB DEFAULT CHARSET=utf8mb4 COLLATE=utf8mb4_unicode_ci;

-- --------------------------------------------------------

--
-- Estructura de tabla para la tabla `order_product`
--

CREATE TABLE `order_product` (
  `id` bigint(20) UNSIGNED NOT NULL,
  `order_id` bigint(20) UNSIGNED NOT NULL,
  `product_id` bigint(20) UNSIGNED NOT NULL,
  `created_at` timestamp NULL DEFAULT NULL,
  `updated_at` timestamp NULL DEFAULT NULL
) ENGINE=InnoDB DEFAULT CHARSET=utf8mb4 COLLATE=utf8mb4_unicode_ci;

-- --------------------------------------------------------

--
-- Estructura de tabla para la tabla `password_reset_tokens`
--

CREATE TABLE `password_reset_tokens` (
  `email` varchar(255) NOT NULL,
  `token` varchar(255) NOT NULL,
  `created_at` timestamp NULL DEFAULT NULL
) ENGINE=InnoDB DEFAULT CHARSET=utf8mb4 COLLATE=utf8mb4_unicode_ci;

-- --------------------------------------------------------

--
-- Estructura de tabla para la tabla `permissions`
--

CREATE TABLE `permissions` (
  `id` bigint(20) UNSIGNED NOT NULL,
  `name` varchar(255) NOT NULL,
  `guard_name` varchar(255) NOT NULL,
  `created_at` timestamp NULL DEFAULT NULL,
  `updated_at` timestamp NULL DEFAULT NULL
) ENGINE=InnoDB DEFAULT CHARSET=utf8mb4 COLLATE=utf8mb4_unicode_ci;

--
-- Volcado de datos para la tabla `permissions`
--

INSERT INTO `permissions` (`id`, `name`, `guard_name`, `created_at`, `updated_at`) VALUES
(1, 'dashboard', 'web', '2023-08-24 17:26:58', '2024-04-25 19:51:29'),
(2, 'admin.permissions.index', 'web', '2023-08-24 17:26:58', '2023-08-24 17:26:58'),
(3, 'admin.permissions.store', 'web', '2023-08-24 17:26:58', '2023-08-24 17:26:58'),
(4, 'admin.permissions.create', 'web', '2023-08-24 17:26:58', '2023-08-24 17:26:58'),
(5, 'admin.permissions.show', 'web', '2023-08-24 17:26:58', '2023-08-24 17:26:58'),
(6, 'admin.permissions.update', 'web', '2023-08-24 17:26:58', '2023-08-24 17:26:58'),
(7, 'admin.permissions.destroy', 'web', '2023-08-24 17:26:58', '2023-08-24 17:26:58'),
(8, 'admin.permissions.edit', 'web', '2023-08-24 17:26:58', '2023-08-24 17:26:58'),
(9, 'admin.roles.index', 'web', '2023-08-24 17:26:58', '2023-08-24 17:26:58'),
(10, 'admin.roles.store', 'web', '2023-08-24 17:26:58', '2023-08-24 17:26:58'),
(11, 'admin.roles.create', 'web', '2023-08-24 17:26:58', '2023-08-24 17:26:58'),
(12, 'admin.roles.show', 'web', '2023-08-24 17:26:58', '2023-08-24 17:26:58'),
(13, 'admin.roles.update', 'web', '2023-08-24 17:26:58', '2023-08-24 17:26:58'),
(14, 'admin.roles.destroy', 'web', '2023-08-24 17:26:58', '2023-08-24 17:26:58'),
(15, 'admin.roles.edit', 'web', '2023-08-24 17:26:58', '2023-08-24 17:26:58'),
(16, 'admin.users.index', 'web', '2023-08-24 17:26:58', '2023-08-24 17:26:58'),
(17, 'admin.users.store', 'web', '2023-08-24 17:26:58', '2023-08-24 17:26:58'),
(18, 'admin.users.create', 'web', '2023-08-24 17:26:58', '2023-08-24 17:26:58'),
(19, 'admin.users.show', 'web', '2023-08-24 17:26:58', '2023-08-24 17:26:58'),
(20, 'admin.users.update', 'web', '2023-08-24 17:26:58', '2023-08-24 17:26:58'),
(21, 'admin.users.destroy', 'web', '2023-08-24 17:26:58', '2023-08-24 17:26:58'),
(22, 'admin.users.edit', 'web', '2023-08-24 17:26:58', '2023-08-24 17:26:58'),
(23, 'admin.menu-items.index', 'web', '2023-08-24 17:26:58', '2023-08-24 17:26:58'),
(24, 'admin.menu-items.store', 'web', '2023-08-24 17:26:58', '2023-08-24 17:26:58'),
(25, 'admin.menu-items.create', 'web', '2023-08-24 17:26:58', '2023-08-24 17:26:58'),
(26, 'admin.menu-items.show', 'web', '2023-08-24 17:26:58', '2023-08-24 17:26:58'),
(27, 'admin.menu-items.update', 'web', '2023-08-24 17:26:58', '2023-08-24 17:26:58'),
(28, 'admin.menu-items.destroy', 'web', '2023-08-24 17:26:59', '2023-08-24 17:26:59'),
(29, 'admin.menu-items.edit', 'web', '2023-08-24 17:26:59', '2023-08-24 17:26:59'),
(30, 'users.suppliers.index', 'web', '2023-08-24 17:26:59', '2023-08-24 17:26:59'),
(31, 'users.suppliers.store', 'web', '2023-08-24 17:26:59', '2023-08-24 17:26:59'),
(32, 'users.suppliers.create', 'web', '2023-08-24 17:26:59', '2023-08-24 17:26:59'),
(33, 'users.suppliers.show', 'web', '2023-08-24 17:26:59', '2023-08-24 17:26:59'),
(34, 'users.suppliers.update', 'web', '2023-08-24 17:26:59', '2023-08-24 17:26:59'),
(35, 'users.suppliers.destroy', 'web', '2023-08-24 17:26:59', '2023-08-24 17:26:59'),
(36, 'users.suppliers.edit', 'web', '2023-08-24 17:26:59', '2023-08-24 17:26:59'),
(37, 'users.customers.index', 'web', '2023-08-24 17:26:59', '2023-08-24 17:26:59'),
(38, 'users.customers.store', 'web', '2023-08-24 17:26:59', '2023-08-24 17:26:59'),
(39, 'users.customers.create', 'web', '2023-08-24 17:26:59', '2023-08-24 17:26:59'),
(40, 'users.customers.show', 'web', '2023-08-24 17:26:59', '2023-08-24 17:26:59'),
(41, 'users.customers.update', 'web', '2023-08-24 17:26:59', '2023-08-24 17:26:59'),
(42, 'users.customers.destroy', 'web', '2023-08-24 17:26:59', '2023-08-24 17:26:59'),
(43, 'users.customers.edit', 'web', '2023-08-24 17:26:59', '2023-08-24 17:26:59'),
(44, 'products.crud.index', 'web', '2023-08-24 17:26:59', '2023-08-24 17:26:59'),
(45, 'products.crud.store', 'web', '2023-08-24 17:26:59', '2023-08-24 17:26:59'),
(46, 'products.crud.create', 'web', '2023-08-24 17:26:59', '2023-08-24 17:26:59'),
(47, 'products.crud.show', 'web', '2023-08-24 17:26:59', '2023-08-24 17:26:59'),
(48, 'products.cruds.update', 'web', '2023-08-24 17:26:59', '2023-08-24 17:26:59'),
(49, 'products.cruds.destroy', 'web', '2023-08-24 17:26:59', '2023-08-24 17:26:59'),
(50, 'products.cruds.edit', 'web', '2023-08-24 17:26:59', '2023-08-24 17:26:59'),
(65, 'liquidations.suppliers.index', 'web', '2023-08-24 17:27:00', '2023-08-24 17:27:00'),
(66, 'liquidations.buyers.index', 'web', '2023-08-24 17:27:00', '2023-08-24 17:27:00'),
(67, 'cash-movements.index', 'web', '2023-09-11 22:54:07', '2023-09-11 22:54:07'),
(68, 'cash-movements.create', 'web', '2023-10-05 16:12:16', '2023-10-05 16:12:16'),
(69, 'cash-movements.store', 'web', '2023-10-05 16:12:34', '2023-10-05 16:12:34'),
(70, 'users.profile.update', 'web', '2023-10-05 16:12:44', '2024-07-03 23:42:23'),
(71, 'users.profile.edit', 'web', '2023-10-05 16:12:51', '2024-07-03 23:41:03'),
(72, 'users.profile.show', 'web', '2023-10-05 16:13:09', '2024-07-03 23:42:18'),
(73, 'cash-movements.destroy', 'web', '2023-12-05 20:56:27', '2023-12-05 20:56:27'),
(80, 'categories.index', 'web', '2024-02-25 15:41:02', '2024-02-25 15:41:02'),
(81, 'categories.show', 'web', '2024-02-25 15:41:02', '2024-02-25 15:41:02'),
(82, 'categories.update', 'web', '2024-02-25 15:41:02', '2024-02-25 15:41:02'),
(83, 'categories.create', 'web', '2024-02-25 15:41:02', '2024-02-25 15:41:02'),
(84, 'categories.edit', 'web', '2024-02-25 15:41:02', '2024-02-25 15:41:02'),
(85, 'categories.store', 'web', '2024-02-25 15:41:02', '2024-02-25 15:41:02'),
(86, 'products.prices.index', 'web', '2024-03-05 21:39:08', '2024-03-05 21:39:08'),
(87, 'products.prices.update', 'web', '2024-03-05 21:39:15', '2024-03-05 21:39:15'),
(88, 'liquidations.partners.index', 'web', '2024-04-02 19:50:36', '2024-04-02 19:50:36'),
(89, 'liquidations.partners.paid', 'web', '2024-04-02 19:50:47', '2024-04-02 19:50:47'),
(90, 'liquidations.suppliers.paid', 'web', '2024-04-05 19:12:53', '2024-04-05 19:13:13'),
(91, 'liquidations.suppliers.notify', 'web', '2024-04-12 08:47:32', '2024-04-12 08:47:32'),
(92, 'products.suppliers.index', 'web', '2024-04-25 18:47:41', '2024-04-25 18:47:41'),
(93, 'orders.index', 'web', '2024-06-07 23:22:01', '2024-06-07 23:22:01'),
(94, 'orders.sync-all-from-woo', 'web', '2024-06-07 23:22:41', '2024-06-07 23:22:41');

-- --------------------------------------------------------

--
-- Estructura de tabla para la tabla `products`
--

CREATE TABLE `products` (
  `id` bigint(20) UNSIGNED NOT NULL,
  `supplier_id` bigint(20) UNSIGNED NOT NULL,
  `relative_code` int(10) UNSIGNED NOT NULL,
  `sku` varchar(255) NOT NULL,
  `name` varchar(255) NOT NULL,
  `description` text NOT NULL,
  `regular_price` mediumint(8) UNSIGNED NOT NULL,
  `price_date` date NOT NULL,
  `entry_date` date NOT NULL,
  `status` enum('draft','pending','private','publish','refund') NOT NULL,
  `observations` text DEFAULT NULL,
  `created_at` timestamp NULL DEFAULT NULL,
  `updated_at` timestamp NULL DEFAULT NULL,
  `deleted_at` timestamp NULL DEFAULT NULL
) ENGINE=InnoDB DEFAULT CHARSET=utf8mb4 COLLATE=utf8mb4_unicode_ci;

-- --------------------------------------------------------

--
-- Estructura de tabla para la tabla `product_category`
--

CREATE TABLE `product_category` (
  `id` bigint(20) UNSIGNED NOT NULL,
  `product_id` bigint(20) UNSIGNED NOT NULL,
  `category_id` bigint(20) UNSIGNED NOT NULL,
  `created_at` timestamp NULL DEFAULT NULL,
  `updated_at` timestamp NULL DEFAULT NULL
) ENGINE=InnoDB DEFAULT CHARSET=utf8mb4 COLLATE=utf8mb4_unicode_ci;

-- --------------------------------------------------------

--
-- Estructura de tabla para la tabla `roles`
--

CREATE TABLE `roles` (
  `id` bigint(20) UNSIGNED NOT NULL,
  `name` varchar(255) NOT NULL,
  `guard_name` varchar(255) NOT NULL,
  `created_at` timestamp NULL DEFAULT NULL,
  `updated_at` timestamp NULL DEFAULT NULL
) ENGINE=InnoDB DEFAULT CHARSET=utf8mb4 COLLATE=utf8mb4_unicode_ci;

--
-- Volcado de datos para la tabla `roles`
--

INSERT INTO `roles` (`id`, `name`, `guard_name`, `created_at`, `updated_at`) VALUES
(1, 'admin_sys', 'web', '2023-08-24 17:26:58', '2023-08-24 17:26:58'),
(2, 'administrative', 'web', '2023-08-24 17:26:59', '2023-08-24 17:26:59'),
(3, 'supplier', 'web', '2023-08-24 17:27:00', '2023-08-24 17:27:00'),
(4, 'customer', 'web', '2023-08-24 17:27:00', '2023-08-24 17:27:00');

-- --------------------------------------------------------

--
-- Estructura de tabla para la tabla `role_has_permissions`
--

CREATE TABLE `role_has_permissions` (
  `permission_id` bigint(20) UNSIGNED NOT NULL,
  `role_id` bigint(20) UNSIGNED NOT NULL
) ENGINE=InnoDB DEFAULT CHARSET=utf8mb4 COLLATE=utf8mb4_unicode_ci;

--
-- Volcado de datos para la tabla `role_has_permissions`
--

INSERT INTO `role_has_permissions` (`permission_id`, `role_id`) VALUES
(1, 1),
(1, 2),
(1, 3),
(2, 1),
(3, 1),
(4, 1),
(5, 1),
(6, 1),
(7, 1),
(8, 1),
(9, 1),
(10, 1),
(11, 1),
(12, 1),
(13, 1),
(14, 1),
(15, 1),
(16, 1),
(17, 1),
(18, 1),
(19, 1),
(20, 1),
(21, 1),
(22, 1),
(23, 1),
(24, 1),
(25, 1),
(26, 1),
(27, 1),
(28, 1),
(29, 1),
(30, 2),
(31, 2),
(32, 2),
(33, 2),
(34, 2),
(35, 2),
(36, 2),
(37, 2),
(38, 2),
(39, 2),
(40, 2),
(41, 2),
(42, 2),
(43, 2),
(44, 2),
(45, 2),
(46, 2),
(47, 2),
(48, 2),
(49, 2),
(50, 2),
(65, 2),
(66, 2),
(67, 2),
(68, 2),
(69, 2),
(70, 2),
(70, 3),
(70, 4),
(71, 2),
(71, 3),
(71, 4),
(72, 2),
(72, 3),
(72, 4),
(73, 2),
(80, 1),
(80, 2),
(81, 1),
(81, 2),
(82, 1),
(82, 2),
(83, 1),
(83, 2),
(84, 1),
(84, 2),
(85, 1),
(85, 2),
(86, 2),
(87, 2),
(88, 2),
(89, 2),
(90, 2),
(91, 2),
(92, 3),
(93, 2),
(94, 2);

-- --------------------------------------------------------

--
-- Estructura de tabla para la tabla `sessions`
--

CREATE TABLE `sessions` (
  `id` varchar(255) NOT NULL,
  `user_id` bigint(20) UNSIGNED DEFAULT NULL,
  `ip_address` varchar(45) DEFAULT NULL,
  `user_agent` text DEFAULT NULL,
  `payload` longtext NOT NULL,
  `last_activity` int(11) NOT NULL
) ENGINE=InnoDB DEFAULT CHARSET=utf8mb4 COLLATE=utf8mb4_unicode_ci;

--
-- Volcado de datos para la tabla `sessions`
--

INSERT INTO `sessions` (`id`, `user_id`, `ip_address`, `user_agent`, `payload`, `last_activity`) VALUES
('dE7rjlq2VjMUWoorNNgSAyxr5TENlRXLIjkdWMMj', 33, '186.143.200.117', 'Mozilla/5.0 (Linux; Android 10; K) AppleWebKit/537.36 (KHTML, like Gecko) Chrome/127.0.0.0 Mobile Safari/537.36', 'YTo0OntzOjY6Il90b2tlbiI7czo0MDoiTHg0eDN6Vk9xVVVHMzdPVkdLTXBWYklPM3k1WWxzVVY3aGNpUkRvWSI7czo1MDoibG9naW5fd2ViXzU5YmEzNmFkZGMyYjJmOTQwMTU4MGYwMTRjN2Y1OGVhNGUzMDk4OWQiO2k6MzM7czo5OiJfcHJldmlvdXMiO2E6MTp7czozOiJ1cmwiO3M6NTQ6Imh0dHBzOi8vcHJvdmVlZG9yZXMucnVlZGl0YXMuY29tLmFyL3VzZXJzL3Byb2ZpbGUvZWRpdCI7fXM6NjoiX2ZsYXNoIjthOjI6e3M6Mzoib2xkIjthOjA6e31zOjM6Im5ldyI7YTowOnt9fX0=', 1722870962),
('GWgw8bBZEn2UtmZ48xT0F5qsf5fZeCgy2aQkRQGD', 57, '45.237.52.49', 'Mozilla/5.0 (Windows NT 10.0; Win64; x64) AppleWebKit/537.36 (KHTML, like Gecko) Chrome/127.0.0.0 Safari/537.36', 'YTo1OntzOjY6Il90b2tlbiI7czo0MDoicjU2TnRMUW9QNVlVd3RtVnZadU52d0ZaODNIaDBWcFFUVUE2Wk9uVyI7czo5OiJfcHJldmlvdXMiO2E6MTp7czozOiJ1cmwiO3M6Njc6Imh0dHBzOi8vcHJvdmVlZG9yZXMucnVlZGl0YXMuY29tLmFyL3VzZXJzL3N1cHBsaWVycz9zdXBwbGllcl9pZD0xNDAiO31zOjY6Il9mbGFzaCI7YToyOntzOjM6Im9sZCI7YTowOnt9czozOiJuZXciO2E6MDp7fX1zOjM6InVybCI7YTowOnt9czo1MDoibG9naW5fd2ViXzU5YmEzNmFkZGMyYjJmOTQwMTU4MGYwMTRjN2Y1OGVhNGUzMDk4OWQiO2k6NTc7fQ==', 1722883228),
('mM2hMmuJthsECpOFY9ZFuWmbuFypPDp3tBGOHhC9', NULL, '62.109.24.243', 'Mozilla/5.0 (Windows NT 10.0; Win64; x64)', 'YTozOntzOjY6Il90b2tlbiI7czo0MDoiVWd2TWNNZ1lnVzIyUnFpMmJEQTI1V1RQNDF3dWVGTUNIdllvdElYTiI7czo5OiJfcHJldmlvdXMiO2E6MTp7czozOiJ1cmwiO3M6MzU6Imh0dHBzOi8vcHJvdmVlZG9yZXMucnVlZGl0YXMuY29tLmFyIjt9czo2OiJfZmxhc2giO2E6Mjp7czozOiJvbGQiO2E6MDp7fXM6MzoibmV3IjthOjA6e319fQ==', 1722882324),
('oQhlxD2ly8wjEYmw6LSJE6fQUkZertt9YETSTUTs', 2, '127.0.0.1', 'Mozilla/5.0 (Windows NT 10.0; Win64; x64) AppleWebKit/537.36 (KHTML, like Gecko) Chrome/127.0.0.0 Safari/537.36', 'YTo0OntzOjY6Il90b2tlbiI7czo0MDoiWDFaUW1TMzVQeUVqUVJaM05DZjkzYVVxbnVEZ0V2Y1JYeVNjNks0YSI7czo2OiJfZmxhc2giO2E6Mjp7czozOiJvbGQiO2E6MDp7fXM6MzoibmV3IjthOjA6e319czo5OiJfcHJldmlvdXMiO2E6MTp7czozOiJ1cmwiO3M6MzU6Imh0dHA6Ly9lbXB0eS5jb20vYWRtaW4vdXNlcnMvY3JlYXRlIjt9czo1MDoibG9naW5fd2ViXzU5YmEzNmFkZGMyYjJmOTQwMTU4MGYwMTRjN2Y1OGVhNGUzMDk4OWQiO2k6Mjt9', 1722904210),
('vJLEmLSkU3kUUI0BmOqvVX2wiLzEG4UvTcjoyYDR', 57, '127.0.0.1', 'Mozilla/5.0 (Windows NT 10.0; Win64; x64) AppleWebKit/537.36 (KHTML, like Gecko) Chrome/127.0.0.0 Safari/537.36', 'YTo1OntzOjY6Il90b2tlbiI7czo0MDoibk5hb1F6bW1veE1QTHFuYUo5aDUwTmw3VXp1cjYyNEdQbDZhTjZlMyI7czo2OiJfZmxhc2giO2E6Mjp7czozOiJvbGQiO2E6MDp7fXM6MzoibmV3IjthOjA6e319czo5OiJfcHJldmlvdXMiO2E6MTp7czozOiJ1cmwiO3M6NjE6Imh0dHA6Ly9kZXYucHJvdmVlZG9yZXMucnVlZGl0YXMuY29tLmFyL2xpcXVpZGF0aW9ucy9zdXBwbGllcnMiO31zOjM6InVybCI7YTowOnt9czo1MDoibG9naW5fd2ViXzU5YmEzNmFkZGMyYjJmOTQwMTU4MGYwMTRjN2Y1OGVhNGUzMDk4OWQiO2k6NTc7fQ==', 1722893966);

-- --------------------------------------------------------

--
-- Estructura de tabla para la tabla `supplier_details`
--

CREATE TABLE `supplier_details` (
  `id` bigint(20) UNSIGNED NOT NULL,
  `user_id` bigint(20) UNSIGNED NOT NULL,
  `bank_id` bigint(20) UNSIGNED NOT NULL,
  `cbu` varchar(250) DEFAULT NULL,
  `alias` varchar(250) DEFAULT NULL,
  `account_owner` varchar(250) DEFAULT NULL,
  `account_number` varchar(250) DEFAULT NULL,
  `created_at` timestamp NULL DEFAULT NULL,
  `updated_at` timestamp NULL DEFAULT NULL,
  `deleted_at` timestamp NULL DEFAULT NULL
) ENGINE=InnoDB DEFAULT CHARSET=utf8mb4 COLLATE=utf8mb4_unicode_ci;

-- --------------------------------------------------------

--
-- Estructura de tabla para la tabla `users`
--

CREATE TABLE `users` (
  `id` bigint(20) UNSIGNED NOT NULL,
  `first_name` varchar(255) NOT NULL,
  `last_name` varchar(255) NOT NULL,
  `doc_number` bigint(20) UNSIGNED NOT NULL,
  `email` varchar(255) NOT NULL,
  `email_verified_at` timestamp NULL DEFAULT NULL,
  `password` varchar(255) NOT NULL,
  `two_factor_secret` text DEFAULT NULL,
  `two_factor_recovery_codes` text DEFAULT NULL,
  `remember_token` varchar(100) DEFAULT NULL,
  `facebook_id` varchar(255) DEFAULT NULL,
  `google_id` varchar(255) DEFAULT NULL,
  `created_at` timestamp NULL DEFAULT NULL,
  `updated_at` timestamp NULL DEFAULT NULL,
  `deleted_at` timestamp NULL DEFAULT NULL
) ENGINE=InnoDB DEFAULT CHARSET=utf8mb4 COLLATE=utf8mb4_unicode_ci;

--
-- Volcado de datos para la tabla `users`
--

INSERT INTO `users` (`id`, `first_name`, `last_name`, `doc_number`, `email`, `email_verified_at`, `password`, `two_factor_secret`, `two_factor_recovery_codes`, `remember_token`, `facebook_id`, `google_id`, `created_at`, `updated_at`, `deleted_at`) VALUES
(2, 'alex', 'charko', 12345678, 'alexischarkowy@gmail.com', '2024-08-05 23:37:47', '$2y$12$vbkppkYK.cseZoElD1qmZ.5gwyu9VUfAp.dH5aNUXas36E8lwpM82', NULL, NULL, 'GbuSBjThl7v9ezX6RpAMPlYNkgBBKyMoW5WruNWbZSSsUTryDweUrQgJ9W1k', NULL, NULL, NULL, '2024-08-06 03:07:41', NULL);

-- --------------------------------------------------------

--
-- Estructura de tabla para la tabla `user_addresses`
--

CREATE TABLE `user_addresses` (
  `id` bigint(20) UNSIGNED NOT NULL,
  `user_id` bigint(20) UNSIGNED NOT NULL,
  `type` enum('Entregas','Retiros') DEFAULT NULL,
  `state` varchar(255) DEFAULT NULL,
  `city` varchar(255) DEFAULT NULL,
  `zip` varchar(255) DEFAULT NULL,
  `street` varchar(255) DEFAULT NULL,
  `number` varchar(255) DEFAULT NULL,
  `floor` varchar(255) DEFAULT NULL,
  `apartment` varchar(255) DEFAULT NULL,
  `observations` text DEFAULT NULL,
  `created_at` timestamp NULL DEFAULT NULL,
  `updated_at` timestamp NULL DEFAULT NULL
) ENGINE=InnoDB DEFAULT CHARSET=utf8mb4 COLLATE=utf8mb4_unicode_ci;

-- --------------------------------------------------------

--
-- Estructura de tabla para la tabla `user_details`
--

CREATE TABLE `user_details` (
  `id` bigint(20) UNSIGNED NOT NULL,
  `user_id` bigint(20) UNSIGNED NOT NULL,
  `birthday` date DEFAULT NULL,
  `phone` varchar(250) DEFAULT NULL,
  `instagram` varchar(250) DEFAULT NULL,
  `observations` text DEFAULT NULL,
  `created_at` timestamp NULL DEFAULT NULL,
  `updated_at` timestamp NULL DEFAULT NULL,
  `deleted_at` timestamp NULL DEFAULT NULL
) ENGINE=InnoDB DEFAULT CHARSET=utf8mb4 COLLATE=utf8mb4_unicode_ci;

--
-- Índices para tablas volcadas
--

--
-- Indices de la tabla `banks`
--
ALTER TABLE `banks`
  ADD PRIMARY KEY (`id`),
  ADD UNIQUE KEY `banks_name_unique` (`name`);

--
-- Indices de la tabla `cache`
--
ALTER TABLE `cache`
  ADD PRIMARY KEY (`key`);

--
-- Indices de la tabla `cache_locks`
--
ALTER TABLE `cache_locks`
  ADD PRIMARY KEY (`key`);

--
-- Indices de la tabla `categories`
--
ALTER TABLE `categories`
  ADD PRIMARY KEY (`id`);

--
-- Indices de la tabla `failed_jobs`
--
ALTER TABLE `failed_jobs`
  ADD PRIMARY KEY (`id`),
  ADD UNIQUE KEY `failed_jobs_uuid_unique` (`uuid`);

--
-- Indices de la tabla `jobs`
--
ALTER TABLE `jobs`
  ADD PRIMARY KEY (`id`),
  ADD KEY `jobs_queue_index` (`queue`);

--
-- Indices de la tabla `job_batches`
--
ALTER TABLE `job_batches`
  ADD PRIMARY KEY (`id`);

--
-- Indices de la tabla `liquidations`
--
ALTER TABLE `liquidations`
  ADD PRIMARY KEY (`id`),
  ADD UNIQUE KEY `liquidations_role_id_user_id_year_month_unique` (`role_id`,`user_id`,`year`,`month`),
  ADD KEY `liquidations_user_id_foreign` (`user_id`);

--
-- Indices de la tabla `menu_items`
--
ALTER TABLE `menu_items`
  ADD PRIMARY KEY (`id`),
  ADD KEY `menu_items_parent_id` (`parent_id`),
  ADD KEY `menu_items_permission_id_foreign` (`permission_id`),
  ADD KEY `menu_items_role_id_foreign` (`role_id`);

--
-- Indices de la tabla `migrations`
--
ALTER TABLE `migrations`
  ADD PRIMARY KEY (`id`);

--
-- Indices de la tabla `model_has_permissions`
--
ALTER TABLE `model_has_permissions`
  ADD PRIMARY KEY (`permission_id`,`model_id`,`model_type`),
  ADD KEY `model_has_permissions_model_id_model_type_index` (`model_id`,`model_type`);

--
-- Indices de la tabla `model_has_roles`
--
ALTER TABLE `model_has_roles`
  ADD PRIMARY KEY (`role_id`,`model_id`,`model_type`),
  ADD KEY `model_has_roles_model_id_model_type_index` (`model_id`,`model_type`);

--
-- Indices de la tabla `orders`
--
ALTER TABLE `orders`
  ADD PRIMARY KEY (`id`);

--
-- Indices de la tabla `order_product`
--
ALTER TABLE `order_product`
  ADD PRIMARY KEY (`id`),
  ADD UNIQUE KEY `order_product_order_id_product_id_unique` (`order_id`,`product_id`),
  ADD KEY `order_product_product_id_foreign` (`product_id`);

--
-- Indices de la tabla `password_reset_tokens`
--
ALTER TABLE `password_reset_tokens`
  ADD PRIMARY KEY (`email`);

--
-- Indices de la tabla `permissions`
--
ALTER TABLE `permissions`
  ADD PRIMARY KEY (`id`),
  ADD UNIQUE KEY `permissions_name_guard_name_unique` (`name`,`guard_name`);

--
-- Indices de la tabla `products`
--
ALTER TABLE `products`
  ADD PRIMARY KEY (`id`),
  ADD UNIQUE KEY `products_supplier_id_relative_code_unique` (`supplier_id`,`relative_code`),
  ADD UNIQUE KEY `products_sku_unique` (`sku`);

--
-- Indices de la tabla `product_category`
--
ALTER TABLE `product_category`
  ADD PRIMARY KEY (`id`),
  ADD UNIQUE KEY `product_category_product_id_category_id_unique` (`product_id`,`category_id`),
  ADD KEY `product_category_category_id_foreign` (`category_id`);

--
-- Indices de la tabla `roles`
--
ALTER TABLE `roles`
  ADD PRIMARY KEY (`id`),
  ADD UNIQUE KEY `roles_name_guard_name_unique` (`name`,`guard_name`);

--
-- Indices de la tabla `role_has_permissions`
--
ALTER TABLE `role_has_permissions`
  ADD PRIMARY KEY (`permission_id`,`role_id`),
  ADD KEY `role_has_permissions_role_id_foreign` (`role_id`);

--
-- Indices de la tabla `sessions`
--
ALTER TABLE `sessions`
  ADD PRIMARY KEY (`id`),
  ADD KEY `sessions_user_id_index` (`user_id`),
  ADD KEY `sessions_last_activity_index` (`last_activity`);

--
-- Indices de la tabla `supplier_details`
--
ALTER TABLE `supplier_details`
  ADD PRIMARY KEY (`id`),
  ADD UNIQUE KEY `supplier_details_user_id_unique` (`user_id`),
  ADD KEY `supplier_details_bank_id_foreign` (`bank_id`);

--
-- Indices de la tabla `users`
--
ALTER TABLE `users`
  ADD PRIMARY KEY (`id`),
  ADD UNIQUE KEY `users_email_unique` (`email`),
  ADD UNIQUE KEY `users_doc_number_unique` (`doc_number`);

--
-- Indices de la tabla `user_addresses`
--
ALTER TABLE `user_addresses`
  ADD PRIMARY KEY (`id`),
  ADD UNIQUE KEY `user_addresses_user_id_type_unique` (`user_id`,`type`);

--
-- Indices de la tabla `user_details`
--
ALTER TABLE `user_details`
  ADD PRIMARY KEY (`id`),
  ADD UNIQUE KEY `user_details_user_id_unique` (`user_id`);

--
-- AUTO_INCREMENT de las tablas volcadas
--

--
-- AUTO_INCREMENT de la tabla `banks`
--
ALTER TABLE `banks`
  MODIFY `id` bigint(20) UNSIGNED NOT NULL AUTO_INCREMENT, AUTO_INCREMENT=17;

--
-- AUTO_INCREMENT de la tabla `categories`
--
ALTER TABLE `categories`
  MODIFY `id` bigint(20) UNSIGNED NOT NULL AUTO_INCREMENT, AUTO_INCREMENT=531;

--
-- AUTO_INCREMENT de la tabla `failed_jobs`
--
ALTER TABLE `failed_jobs`
  MODIFY `id` bigint(20) UNSIGNED NOT NULL AUTO_INCREMENT;

--
-- AUTO_INCREMENT de la tabla `jobs`
--
ALTER TABLE `jobs`
  MODIFY `id` bigint(20) UNSIGNED NOT NULL AUTO_INCREMENT;

--
-- AUTO_INCREMENT de la tabla `liquidations`
--
ALTER TABLE `liquidations`
  MODIFY `id` bigint(20) UNSIGNED NOT NULL AUTO_INCREMENT;

--
-- AUTO_INCREMENT de la tabla `menu_items`
--
ALTER TABLE `menu_items`
  MODIFY `id` bigint(20) UNSIGNED NOT NULL AUTO_INCREMENT, AUTO_INCREMENT=20;

--
-- AUTO_INCREMENT de la tabla `migrations`
--
ALTER TABLE `migrations`
  MODIFY `id` int(10) UNSIGNED NOT NULL AUTO_INCREMENT, AUTO_INCREMENT=12;

--
-- AUTO_INCREMENT de la tabla `orders`
--
ALTER TABLE `orders`
  MODIFY `id` bigint(20) UNSIGNED NOT NULL AUTO_INCREMENT;

--
-- AUTO_INCREMENT de la tabla `order_product`
--
ALTER TABLE `order_product`
  MODIFY `id` bigint(20) UNSIGNED NOT NULL AUTO_INCREMENT;

--
-- AUTO_INCREMENT de la tabla `permissions`
--
ALTER TABLE `permissions`
  MODIFY `id` bigint(20) UNSIGNED NOT NULL AUTO_INCREMENT, AUTO_INCREMENT=95;

--
-- AUTO_INCREMENT de la tabla `products`
--
ALTER TABLE `products`
  MODIFY `id` bigint(20) UNSIGNED NOT NULL AUTO_INCREMENT;

--
-- AUTO_INCREMENT de la tabla `product_category`
--
ALTER TABLE `product_category`
  MODIFY `id` bigint(20) UNSIGNED NOT NULL AUTO_INCREMENT;

--
-- AUTO_INCREMENT de la tabla `roles`
--
ALTER TABLE `roles`
  MODIFY `id` bigint(20) UNSIGNED NOT NULL AUTO_INCREMENT, AUTO_INCREMENT=5;

--
-- AUTO_INCREMENT de la tabla `supplier_details`
--
ALTER TABLE `supplier_details`
  MODIFY `id` bigint(20) UNSIGNED NOT NULL AUTO_INCREMENT;

--
-- AUTO_INCREMENT de la tabla `users`
--
ALTER TABLE `users`
  MODIFY `id` bigint(20) UNSIGNED NOT NULL AUTO_INCREMENT, AUTO_INCREMENT=3;

--
-- AUTO_INCREMENT de la tabla `user_addresses`
--
ALTER TABLE `user_addresses`
  MODIFY `id` bigint(20) UNSIGNED NOT NULL AUTO_INCREMENT;

--
-- AUTO_INCREMENT de la tabla `user_details`
--
ALTER TABLE `user_details`
  MODIFY `id` bigint(20) UNSIGNED NOT NULL AUTO_INCREMENT;

--
-- Restricciones para tablas volcadas
--

--
-- Filtros para la tabla `liquidations`
--
ALTER TABLE `liquidations`
  ADD CONSTRAINT `liquidations_role_id_foreign` FOREIGN KEY (`role_id`) REFERENCES `roles` (`id`),
  ADD CONSTRAINT `liquidations_user_id_foreign` FOREIGN KEY (`user_id`) REFERENCES `users` (`id`);

--
-- Filtros para la tabla `menu_items`
--
ALTER TABLE `menu_items`
  ADD CONSTRAINT `menu_items_parent_id` FOREIGN KEY (`parent_id`) REFERENCES `menu_items` (`id`),
  ADD CONSTRAINT `menu_items_permission_id_foreign` FOREIGN KEY (`permission_id`) REFERENCES `permissions` (`id`),
  ADD CONSTRAINT `menu_items_role_id_foreign` FOREIGN KEY (`role_id`) REFERENCES `roles` (`id`);

--
-- Filtros para la tabla `model_has_permissions`
--
ALTER TABLE `model_has_permissions`
  ADD CONSTRAINT `model_has_permissions_permission_id_foreign` FOREIGN KEY (`permission_id`) REFERENCES `permissions` (`id`) ON DELETE CASCADE;

--
-- Filtros para la tabla `model_has_roles`
--
ALTER TABLE `model_has_roles`
  ADD CONSTRAINT `model_has_roles_role_id_foreign` FOREIGN KEY (`role_id`) REFERENCES `roles` (`id`) ON DELETE CASCADE;

--
-- Filtros para la tabla `order_product`
--
ALTER TABLE `order_product`
  ADD CONSTRAINT `order_product_order_id_foreign` FOREIGN KEY (`order_id`) REFERENCES `orders` (`id`),
  ADD CONSTRAINT `order_product_product_id_foreign` FOREIGN KEY (`product_id`) REFERENCES `products` (`id`);

--
-- Filtros para la tabla `products`
--
ALTER TABLE `products`
  ADD CONSTRAINT `products_supplier_id_foreign` FOREIGN KEY (`supplier_id`) REFERENCES `users` (`id`);

--
-- Filtros para la tabla `product_category`
--
ALTER TABLE `product_category`
  ADD CONSTRAINT `product_category_category_id_foreign` FOREIGN KEY (`category_id`) REFERENCES `categories` (`id`) ON DELETE CASCADE,
  ADD CONSTRAINT `product_category_product_id_foreign` FOREIGN KEY (`product_id`) REFERENCES `products` (`id`);

--
-- Filtros para la tabla `role_has_permissions`
--
ALTER TABLE `role_has_permissions`
  ADD CONSTRAINT `role_has_permissions_permission_id_foreign` FOREIGN KEY (`permission_id`) REFERENCES `permissions` (`id`) ON DELETE CASCADE,
  ADD CONSTRAINT `role_has_permissions_role_id_foreign` FOREIGN KEY (`role_id`) REFERENCES `roles` (`id`) ON DELETE CASCADE;

--
-- Filtros para la tabla `supplier_details`
--
ALTER TABLE `supplier_details`
  ADD CONSTRAINT `supplier_details_bank_id_foreign` FOREIGN KEY (`bank_id`) REFERENCES `banks` (`id`),
  ADD CONSTRAINT `supplier_details_user_id_foreign` FOREIGN KEY (`user_id`) REFERENCES `users` (`id`) ON DELETE CASCADE;

--
-- Filtros para la tabla `user_addresses`
--
ALTER TABLE `user_addresses`
  ADD CONSTRAINT `user_addresses_user_id_foreign` FOREIGN KEY (`user_id`) REFERENCES `users` (`id`);

--
-- Filtros para la tabla `user_details`
--
ALTER TABLE `user_details`
  ADD CONSTRAINT `user_details_user_id_foreign` FOREIGN KEY (`user_id`) REFERENCES `users` (`id`) ON DELETE CASCADE;
COMMIT;

/*!40101 SET CHARACTER_SET_CLIENT=@OLD_CHARACTER_SET_CLIENT */;
/*!40101 SET CHARACTER_SET_RESULTS=@OLD_CHARACTER_SET_RESULTS */;
/*!40101 SET COLLATION_CONNECTION=@OLD_COLLATION_CONNECTION */;
